CompanyName,Hyperlink,DownloadStatus,DownloadErrorFrequency,Remark,VolumnIndicatorProcess,VolumnIndicatorResult,Empty,Empty
Macpie Bhd,/equities/sterling-progress-bhd,Download Sucessful,1,Append Successfully,,,,
TechnoDex Bhd,/equities/technodex-bhd,Download Sucessful,1,Append Successfully,,,,
Top Glove Corporation Bhd,/equities/top-glove-corporation-bhd,Download Sucessful,1,Append Successfully,,,,
XiDeLang Holdings Ltd,/equities/xidelang-holdings-ltd,Download Sucessful,1,Append Successfully,,,,
Comfort Gloves Bhd,/equities/integrated-rubber-corporation,Download Sucessful,1,Append Successfully,,,,
Iskandar Waterfront City Bhd,/equities/iskandar-waterfront-city-bhd,Download Sucessful,1,Append Successfully,,,,
KNM Group Bhd,/equities/knm-group-bhd,Download Sucessful,1,Append Successfully,,,,
Dagang Nexchange Bhd,/equities/dagang-nexchange-bhd,Download Sucessful,1,Append Successfully,,,,
mTouche Technology Bhd,/equities/mtouche-technology-bhd,Download Sucessful,1,Append Successfully,,,,
Green Packet Bhd,/equities/green-packet-bhd,Download Sucessful,1,Append Successfully,,,,
Ageson Bhd,/equities/prinsiptek-corporation-bhd,Download Failed,1,Skipped,,,,
DGB Asia Bhd,/equities/dgb-asia-bhd,Download Failed,1,Skipped,,,,
Minda Global Bhd,/equities/masterskill-education-group,Download Failed,1,Skipped,,,,
Key ASIC Bhd,/equities/key-asic-bhd,Download Failed,1,Skipped,,,,
CIMB Group Holdings Bhd,/equities/bumiputra---commerce-holdings-bhd,Download Failed,1,Skipped,,,,
Perak Transit Bhd,/equities/perak-transit-bhd,Download Failed,1,Skipped,,,,
QES Group Bhd,/equities/qes,Download Failed,1,Skipped,,,,
DPS Resources Bhd,/equities/dps-resources-bhd,Download Failed,1,Skipped,,,,
Privasia Technology Bhd,/equities/privasia-technology-bhd,Download Failed,1,Skipped,,,,
PUC Bhd,/equities/puc-founder-msc-bhd,Download Failed,1,Skipped,,,,
Gw Plastics Holdings Bhd,/equities/gw-plastics-holdings-bhd,Download Failed,1,Skipped,,,,
ConnectCounty Holdings Bhd,/equities/connectcounty-holdings-bhd,Download Failed,1,Skipped,,,,
D O Green Technologies Bhd,/equities/d-o-green-technologies-bhd,Download Failed,1,Skipped,,,,
Eg Industries Bhd,/equities/eg-industries-bhd,Download Failed,1,Skipped,,,,
Industronics Bhd,/equities/industronics-bhd,Download Failed,1,Skipped,,,,
Kronologi Asia Bhd,/equities/kronologi-asia-bhd,Download Failed,1,Skipped,,,,
TSR Capital Bhd,/equities/tsr-capital-bhd,Download Failed,1,Skipped,,,,
MESB Bhd,/equities/mesb-bhd,Download Failed,1,Skipped,,,,
Appasia Bhd,/equities/appasia-bhd,Download Failed,1,Skipped,,,,
T7 Global Bhd,/equities/tanjung-offshore-bhd,Download Failed,1,Skipped,,,,
Censof Holdings Bhd,/equities/censof-holdings-bhd,Download Failed,1,Skipped,,,,
GDB Holdings Bhd,/equities/gdb,Download Failed,1,Skipped,,,,
UEM Sunrise Bhd,/equities/uem-sunrise-bhd,Download Failed,1,Skipped,,,,
Cahya Mata Sarawak Bhd,/equities/cahya-mata-sarawak-bhd,Download Failed,1,Skipped,,,,
Eversendai Corporation Bhd,/equities/eversendai-corporation-bhd,Download Failed,1,Skipped,,,,
Public Bank Bhd,/equities/public-bank-bhd,Download Failed,1,Skipped,,,,
Kumpulan Powernet Bhd,/equities/kumpulan-powernet-bhd,Download Failed,1,Skipped,,,,
Wegmans Holdings Berhad,/equities/wegmans,Download Failed,1,Skipped,,,,
Hiap Huat Holdings Bhd,/equities/hiap-huat-holdings-bhd,Download Failed,1,Skipped,,,,
Sarawak Consolidated Industries Bhd,/equities/sarawak-consolidated-industries,Download Failed,1,Skipped,,,,
Cuscapi Berhad,/equities/cuscapi-berhad,Download Failed,1,Skipped,,,,
Prg Holdings Bhd,/equities/prg-holdings-bhd,Download Failed,1,Skipped,,,,
Wah Seong Corporation Bhd,/equities/wah-seong-corporation-bhd,Download Failed,1,Skipped,,,,
George Kent (Malaysia) Bhd,/equities/george-kent-(malaysia)-bhd,Download Failed,1,Skipped,,,,
DRB - Hicom Bhd,/equities/drb---hicom-bhd,Download Failed,1,Skipped,,,,
Harn Len Corporation Bhd,/equities/harn-len-corporation-bhd,Download Failed,1,Skipped,,,,
Tropicana Corporation Bhd,/equities/tropicana-corporation-bhd,Download Failed,1,Skipped,,,,
Tune Protect Group Bhd,/equities/tune-protect-group-bhd,Download Failed,1,Skipped,,,,
VisDynamics Holdings Bhd,/equities/visdynamics-holdings-bhd,Download Failed,1,Skipped,,,,
Hong Leong Bank Bhd,/equities/hong-leong-bank-bhd,Download Failed,1,Skipped,,,,
7 Eleven Malaysia Holdings Bhd,/equities/7-eleven-malaysia-holdings-bhd,Download Failed,1,Skipped,,,,
Euro Holdings Bhd,/equities/euro-holdings-bhd,Download Failed,1,Skipped,,,,
Eco World International Bhd,/equities/eco-world-international-bhd,Download Failed,1,Skipped,,,,
Ipmuda Bhd,/equities/ipmuda-bhd,Download Failed,1,Skipped,,,,
Saudee Group Bhd,/equities/saudee-group-bhd,Download Failed,1,Skipped,,,,
HeiTech Padu Bhd,/equities/heitech-padu-bhd,Download Failed,1,Skipped,,,,
Uzma Bhd,/equities/uzma-bhd,Download Failed,1,Skipped,,,,
United U Li Corporation Bhd,/equities/united-u-li-corporation,Download Failed,1,Skipped,,,,
Bright Packaging Industry Bhd,/equities/bright-packaging-industry-bhd,Download Failed,1,Skipped,,,,
MCE Holdings Bhd,/equities/multi-code-electronics-industries,Download Failed,1,Skipped,,,,
Sinmah Capital Bhd,/equities/farms-best-bhd,Download Failed,1,Skipped,,,,
Asdion Bhd,/equities/asdion,Download Failed,1,Skipped,,,,
CapitaLand Malaysia Mall Trust,/equities/capitamalls-malaysia-trust,Download Failed,1,Skipped,,,,
Scanwolf Corporation Bhd,/equities/scanwolf-corporation-bhd,Download Failed,1,Skipped,,,,
MNRB Holdings Bhd,/equities/mnrb-holdings-bhd,Download Failed,1,Skipped,,,,
Chemical Company of Malaysia,/equities/chemical-company-of-malaysia,Download Failed,1,Skipped,,,,
Ivory Properties Group Bhd,/equities/ivory-properties-group-bhd,Download Failed,1,Skipped,,,,
Sunsuria Bhd,/equities/sunsuria-bhd,Download Failed,1,Skipped,,,,
MRCB-Quill REIT Unit,/equities/mrcb-quill-unit,Download Failed,1,Skipped,,,,
PMB Technology Bhd,/equities/pmb-technology-bhd,Download Failed,1,Skipped,,,,
TRC Synergy Bhd,/equities/trc-synergy-bhd,Download Failed,1,Skipped,,,,
Pensonic Holdings Bhd,/equities/pensonic-holdings-bhd,Download Failed,1,Skipped,,,,
Malaysian Bulk Carriers Bhd,/equities/malaysian-bulk-carriers-bhd,Download Failed,1,Skipped,,,,
Shin Yang Shipping Corporation Bhd,/equities/shin-yang-shipping-corporation-bhd,Download Failed,1,Skipped,,,,
YSP Southeast Asia Holding Bhd,/equities/ysp-southeast-asia-holding-bhd,Download Failed,1,Skipped,,,,
OCR Group Bhd,/equities/oc-resources-bhd,Download Failed,1,Skipped,,,,
MBM Resources Bhd,/equities/mbm-resources-bhd,Download Failed,1,Skipped,,,,
Sam Engineering Equipment,/equities/sam-engineering-equipment,Download Failed,1,Skipped,,,,
Tan Chong Motor Holdings Bhd,/equities/tan-chong-motor-holdings-bhd,Download Failed,1,Skipped,,,,
IQ Group Holdings Bhd,/equities/iq-group-holdings-bhd,Download Failed,1,Skipped,,,,
Matrix Concepts Holdings Bhd,/equities/matrix-concepts-holdings-bhd,Download Failed,1,Skipped,,,,
Versatile Creative Bhd,/equities/versatile-creative-bhd,Download Failed,1,Skipped,,,,
TAS Offshore Bhd,/equities/tas-offshore-bhd,Download Failed,1,Skipped,,,,
Southern Steel Bhd,/equities/southern-steel-bhd,Download Failed,1,Skipped,,,,
Resintech Bhd,/equities/resintech-bhd,Download Failed,1,Skipped,,,,
Microlink Solutions Bhd,/equities/microlink-solutions-bhd,Download Failed,1,Skipped,,,,
IGB Bhd,/equities/goldis-bhd,Download Failed,1,Skipped,,,,
MAA Group Bhd,/equities/maa-group-bhd,Download Failed,1,Skipped,,,,
Tong Herr Resources Bhd,/equities/tong-herr-resources-bhd,Download Failed,1,Skipped,,,,
ELK-Desa Resources Bhd,/equities/elk-desa-resources-bhd,Download Failed,1,Skipped,,,,
Subur Tiasa Holdings Bhd,/equities/subur-tiasa-holdings-bhd,Download Failed,1,Skipped,,,,
Chin Well Holdings Bhd,/equities/chin-well-holdings-bhd,Download Failed,1,Skipped,,,,
Chee Wah Corporation Bhd,/equities/chee-wah-corp-bhd,Download Failed,1,Skipped,,,,
DKSH Holdings Malaysia Berhad,/equities/dksh-holdings-malaysia-berhad,Download Failed,1,Skipped,,,,
CI Holdings Bhd,/equities/ci-holdings-bhd,Download Failed,1,Skipped,,,,
SMIS Corporation Bhd,/equities/smis-corporation-bhd,Download Failed,1,Skipped,,,,
KYM Holdings Bhd,/equities/kym-holdings-bhd,Download Failed,1,Skipped,,,,
Kia Lim Bhd,/equities/kia-lim-bhd,Download Failed,1,Skipped,,,,
Amanah Harta Tanah PNB,/equities/amanah-harta-tanah,Download Failed,1,Skipped,,,,
Kluang Rubber Company Malaya,/equities/kluang-rubber-company-malaya,Download Failed,1,Skipped,,,,
Dutch Lady Milk Industries Bhd,/equities/dutch-lady-milk-industries-bhd,Download Failed,1,Skipped,,,,
SHL Consolidated Bhd,/equities/shl-consolidated-bhd,Download Failed,1,Skipped,,,,
Riverview Rubber Estates Bhd,/equities/riverview-rubber-estates-bhd,Download Failed,1,Skipped,,,,
Eupe Corporation Bhd,/equities/eupe-corporation-bhd,Download Failed,1,Skipped,,,,
Quality Concrete Holdings Bhd,/equities/quality-concrete-holdings-bhd,Download Failed,1,Skipped,,,,
Ibraco Bhd,/equities/ibraco-bhd,Download Failed,1,Skipped,,,,
Berjaya Media Bhd,/equities/berjaya-media-bhd,Download Failed,1,Skipped,,,,
Concrete Engineering Products,/equities/concrete-engineering-products,Download Failed,1,Skipped,,,,
Eurospan Holdings Bhd,/equities/eurospan-holdings-bhd,Download Failed,1,Skipped,,,,
Inch Kenneth Kajang Rubber PLC,/equities/inch-kenneth-kajang-rubber-plc,Download Failed,1,Skipped,,,,
Lebtech Bhd,/equities/lebtech-bhd,Download Failed,1,Skipped,,,,
New Hoong Fatt Holdings Bhd,/equities/new-hoong-fatt-holdings-bhd,Download Failed,1,Skipped,,,,
AYER Holdings Bhd,/equities/tahps-group-bhd,Download Failed,1,Skipped,,,,
Kinsteel Bhd,/equities/kinsteel-bhd,Download Failed,1,Skipped,,,,
NPC Resources Bhd,/equities/npc-resources-bhd,Download Failed,1,Skipped,,,,
Warisan TC Holdings Bhd,/equities/warisan-tc-holdings-bhd,Download Failed,1,Skipped,,,,
Innity Corporation Bhd,/equities/innity-corporation-bhd,Download Failed,1,Skipped,,,,
ATTA Global Group Bhd Pref,/equities/atta-global-pref,Download Failed,1,Skipped,,,,
MCOM Holdings Bhd,/equities/mcom-holdings-bhd,Download Failed,1,Skipped,,,,
Ekovest Bhd,/equities/ekovest-bhd,Download Sucessful,1,Append Successfully,,,,
Sapura Energy Bhd,/equities/sapurakencana-petroleum-bhd,Download Sucessful,1,Append Successfully,,,,
LKL International Bhd,/equities/lkl-international-bhd,Download Sucessful,1,Append Successfully,,,,
HLT Global Bhd,/equities/hlt-global-bhd,Download Sucessful,1,Append Successfully,,,,
Notion Vtec Bhd,/equities/notion-vtec-bhd,Download Sucessful,1,Append Successfully,,,,
Permaju Industries Bhd,/equities/permaju-industries-bhd,Download Sucessful,1,Append Successfully,,,,
Reliance Pacific Bhd,/equities/reliance-pacific-bhd,Download Sucessful,1,Append Successfully,,,,
Aemulus Holdings Bhd,/equities/aemulus-holdings-bhd,Download Sucessful,1,Append Successfully,,,,
Evergreen Fibreboard Bhd,/equities/evergreen-fibreboard-bhd,Download Sucessful,1,Append Successfully,,,,
Turiya Bhd,/equities/turiya-bhd,Download Sucessful,1,Append Successfully,,,,
Mah Sing Group Bhd,/equities/mah-sing-group-bhd,Download Failed,1,Skipped,,,,
Komarkcorp Bhd,/equities/komarkcorp-bhd,Download Failed,1,Skipped,,,,
PeterLabs Holdings Bhd,/equities/peterlabs-holdings-bhd,Download Failed,1,Skipped,,,,
JAKS Resources Bhd,/equities/jaks-resources-bhd,Download Failed,1,Skipped,,,,
IJM Corporation Bhd,/equities/ijm-corporation-bhd,Download Failed,1,Skipped,,,,
RGT Bhd,/equities/asia-knight-bhd,Download Failed,1,Skipped,,,,
Ikhmas Jaya Group Bhd,/equities/ikhmas-jaya-group-bhd,Download Failed,1,Skipped,,,,
Sedania Innovator Bhd,/equities/sedania-innovator-bhd,Download Failed,1,Skipped,,,,
Chin Hin Group Bhd,/equities/chin-hin-group-bhd,Download Failed,1,Skipped,,,,
HUBLine Bhd,/equities/hubline-bhd,Download Failed,1,Skipped,,,,
SDS Group Bhd,/equities/sds-group-bhd,Download Failed,1,Skipped,,,,
Dolphin International Bhd,/equities/dolphin-international-bhd,Download Failed,1,Skipped,,,,
Progressive Impact Corporation Bhd,/equities/progressive-impact-corporation-bhd,Download Failed,1,Skipped,,,,
AbleGroup Bhd,/equities/ablegroup-bhd,Download Failed,1,Skipped,,,,
Arb Bhd,/equities/aturmaju-resources-bhd,Download Failed,1,Skipped,,,,
Chin Hin Group Property Bhd,/equities/boon-koon-group-bhd,Download Failed,1,Skipped,,,,
DWL Resources Bhd,/equities/spring-gallery-bhd,Download Failed,1,Skipped,,,,
MI Technovation Bhd,/equities/mi-equipment,Download Failed,1,Skipped,,,,
Titijaya Land Bhd,/equities/titijaya-land-bhd,Download Failed,1,Skipped,,,,
Lotte Chemical Titan Holding BHD,/equities/lotte-chemical-titan,Download Failed,1,Skipped,,,,
Ideal Jacobs Malaysia Corporation Bhd,/equities/ideal-jacobs-malaysia-corporation,Download Failed,1,Skipped,,,,
Menang Corporation (Malaysia) Bhd,/equities/menang-corporation-(m)-bhd,Download Failed,1,Skipped,,,,
China Ouhua Winery Holdings,/equities/china-ouhua-winery-holdings,Download Failed,1,Skipped,,,,
Eduspec Holdings Bhd,/equities/eduspec-holdings-bhd,Download Failed,1,Skipped,,,,
YBS International Bhd,/equities/lng-resources-bhd,Download Failed,1,Skipped,,,,
M K Land Holdings Bhd,/equities/m-k-land-holdings-bhd,Download Failed,1,Skipped,,,,
JHM Consolidation Bhd,/equities/jhm-consolidation-bhd,Download Failed,1,Skipped,,,,
Jasa Kita Bhd,/equities/jasa-kita-bhd,Download Failed,1,Skipped,,,,
Daya Materials Bhd,/equities/daya-materials-bhd,Download Failed,1,Skipped,,,,
Smtrack Bhd,/equities/smtrack-bhd,Download Failed,1,Skipped,,,,
Dayang Enterprise Holdings Bhd,/equities/dayang-enterprise-holdings-bhd,Download Failed,1,Skipped,,,,
Yi-Lai Bhd,/equities/yi-lai-bhd,Download Failed,1,Skipped,,,,
Powerwell Holdings Bhd,/equities/powerwell-holdings-bhd,Download Failed,1,Skipped,,,,
Supercomnet Technologies Bhd,/equities/supercomnet-technologies-bhd,Download Failed,1,Skipped,,,,
Malaysia Steel Works KL Bhd,/equities/malaysia-steel-works-kl-bhd,Download Failed,1,Skipped,,,,
Petronas Chemicals Group Bhd,/equities/petronas-chemicals-group-bhd,Download Failed,1,Skipped,,,,
Hup Seng Industries Bhd,/equities/hup-seng-industries-bhd,Download Failed,1,Skipped,,,,
Straits Inter Logistics Bhd,/equities/raya-international-bhd,Download Failed,1,Skipped,,,,
Nextgreen Global Bhd,/equities/bhs-industries-bhd,Download Failed,1,Skipped,,,,
Kim Loong Resources Bhd,/equities/kim-loong-resources-bhd,Download Failed,1,Skipped,,,,
Cepatwawasan Group Bhd,/equities/cepatwawasan-group-bhd,Download Failed,1,Skipped,,,,
Magni Tech Industries Bhd,/equities/magni-tech-industries-bhd,Download Failed,1,Skipped,,,,
Pertama Digital Berhad,/equities/sinotop-holdings-bhd,Download Failed,1,Skipped,,,,
Hexza Corporation Bhd,/equities/hexza-corporation-bhd,Download Failed,1,Skipped,,,,
Magnum Bhd,/equities/magnum-bhd,Download Failed,1,Skipped,,,,
Syarikat Takaful Malaysia Bhd,/equities/syarikat-takaful-malaysia-bhd,Download Failed,1,Skipped,,,,
Willowglen MSC Bhd,/equities/willowglen-msc-bhd,Download Failed,1,Skipped,,,,
Prolexus Bhd,/equities/prolexus-bhd,Download Failed,1,Skipped,,,,
Hektar Real Estate Investment Trust,/equities/hektar-reit,Download Failed,1,Skipped,,,,
Marco Holdings Bhd,/equities/marco-holdings-bhd,Download Failed,1,Skipped,,,,
United Plantations Bhd,/equities/united-plantations-bhd,Download Failed,1,Skipped,,,,
Landmarks Bhd,/equities/landmarks-bhd,Download Failed,1,Skipped,,,,
Imaspro Corporation Bhd,/equities/imaspro-corporation-bhd,Download Failed,1,Skipped,,,,
Heineken Bhd,/equities/guinness-anchor-bhd,Download Failed,1,Skipped,,,,
SEG International Bhd,/equities/seg-international-bhd,Download Failed,1,Skipped,,,,
Three A Resources Bhd,/equities/three-a-resources-bhd,Download Failed,1,Skipped,,,,
Lay Hong Bhd,/equities/lay-hong-bhd,Download Failed,1,Skipped,,,,
CAB Cakaran Corporation Bhd,/equities/cab-cakaran-corporation-bhd,Download Failed,1,Skipped,,,,
Eastern & Oriental Bhd,/equities/eastern---oriental-bhd,Download Failed,1,Skipped,,,,
IJM Plantations Bhd,/equities/ijm-plantations-bhd,Download Failed,1,Skipped,,,,
GHL Systems Bhd,/equities/ghl-systems-bhd,Download Failed,1,Skipped,,,,
Hong Leong Financial Group Bhd,/equities/hong-leong-financial-group-bhd,Download Failed,1,Skipped,,,,
Fraser Neave Holdings Bhd,/equities/fraser-neave-holdings-bhd,Download Failed,1,Skipped,,,,
Tashin Holdings Bhd,/equities/tashin-holdings-bhd,Download Failed,1,Skipped,,,,
RCE Capital Berhad,/equities/rce-capital-berhad,Download Failed,1,Skipped,,,,
Sarawak Oil Palms Bhd,/equities/sarawak-oil-palms-bhd,Download Failed,1,Skipped,,,,
Tex Cycle Technology M Bhd,/equities/tex-cycle-technology-m-bhd,Download Failed,1,Skipped,,,,
British American Tobacco Malaysia Bhd,/equities/british-american-tobacco-(m)-bhd,Download Failed,1,Skipped,,,,
Petron Malaysia Refining Marketing,/equities/petron-malaysia-refining-marketing,Download Failed,1,Skipped,,,,
Integrated Logistics Bhd,/equities/integrated-logistics-bhd,Download Failed,1,Skipped,,,,
Petronas Dagangan Bhd,/equities/petronas-dagangan-bhd,Download Failed,1,Skipped,,,,
Tri-Mode System M Bhd,/equities/tri-mode,Download Failed,1,Skipped,,,,
Jiankun International Bhd,/equities/jiankun-international-bhd,Download Failed,1,Skipped,,,,
Hai O Enterprise Bhd,/equities/hai-o-enterprise-bhd,Download Failed,1,Skipped,,,,
Zhulian Corporation Bhd,/equities/zhulian-corporation-bhd,Download Failed,1,Skipped,,,,
Formosa Prosonic Industries,/equities/formosa-prosonic-industries,Download Failed,1,Skipped,,,,
Sarawak Plantation Bhd,/equities/sarawak-plantation-bhd,Download Failed,1,Skipped,,,,
UPA Corporation Bhd,/equities/upa-corporation-bhd,Download Failed,1,Skipped,,,,
Crest Builder Holdings Bhd,/equities/crest-builder-holdings-bhd,Download Failed,1,Skipped,,,,
Sunway Construction Group Bhd,/equities/sunway-construction-group-bhd,Download Failed,1,Skipped,,,,
Allianz Malaysia Bhd,/equities/allianz-malaysia-bhd,Download Failed,1,Skipped,,,,
FACB Industries Incorporated,/equities/facb-industries-incorporated,Download Failed,1,Skipped,,,,
SBC Corp Bhd,/equities/sbc-corp-bhd,Download Failed,1,Skipped,,,,
Lysaght Galvanized Steel Bhd,/equities/lysaght-galvanized-steel,Download Failed,1,Skipped,,,,
See Hup Consolidated Bhd,/equities/see-hup-consolidated-bhd,Download Failed,1,Skipped,,,,
Chuan Huat Resources Bhd,/equities/chuan-huat-resources-bhd,Download Failed,1,Skipped,,,,
Heng Huat Resources Group Bhd,/equities/heng-huat-resources-group-bhd,Download Failed,1,Skipped,,,,
Seremban Engineering Bhd,/equities/seremban-engineering-bhd,Download Failed,1,Skipped,,,,
Bintulu Port Holdings Bhd,/equities/bintulu-port-holdings-bhd,Download Failed,1,Skipped,,,,
Enra Group Bhd,/equities/perduren-(m)-bhd,Download Failed,1,Skipped,,,,
Kuchai Develop Bhd,/equities/kuchai-develop-bhd,Download Failed,1,Skipped,,,,
Nationwide Express Holdings Bhd,/equities/nationwide-express-courier-services,Download Failed,1,Skipped,,,,
Sin Heng Chan (Malaya) Bhd,/equities/sin-heng-chan-(malaya)-bhd,Download Failed,1,Skipped,,,,
FCW Holdings Bhd,/equities/fcw-holdings-bhd,Download Failed,1,Skipped,,,,
ARK Resources Bhd,/equities/ark-resources-bhd,Download Failed,1,Skipped,,,,
Perisai Petroleum Teknologi Bhd,/equities/perisai-petroleum-teknologi-bhd,Download Failed,1,Skipped,,,,
BLD Plantation Bhd,/equities/bld-plantation-bhd,Download Failed,1,Skipped,,,,
Crescendo Corporation Bhd,/equities/crescendo-corporation-bhd,Download Failed,1,Skipped,,,,
Esthetics International Group,/equities/esthetics-international-group,Download Failed,1,Skipped,,,,
Ireka Corporation Bhd,/equities/ireka-corporation-bhd,Download Failed,1,Skipped,,,,
London Biscuits Bhd,/equities/london-biscuits-bhd,Download Failed,1,Skipped,,,,
Negri Sembilan Oil Palms Bhd,/equities/negri-sembilan-oil-palms-bhd,Download Failed,1,Skipped,,,,
Teo Guan Lee Corporation Bhd,/equities/teo-guan-lee-corporation-bhd,Download Failed,1,Skipped,,,,
LB Aluminium Bhd,/equities/lb-aluminium-bhd,Download Failed,1,Skipped,,,,
Perak Corporation Bhd,/equities/perak-corporation-bhd,Download Failed,1,Skipped,,,,
Woodlandor Holdings Bhd,/equities/woodlandor-holdings-bhd,Download Failed,1,Skipped,,,,
Insas Bhd Pref,/equities/insas-bhd-pref,Download Failed,1,Skipped,,,,
Tower Real Estate Investment Trust,/equities/tower-real-estate,Download Failed,1,Skipped,,,,
Tasek Corporation Bhd,/equities/tasek-corporation-bhd-pref,Download Failed,1,Skipped,,,,
Bintai Kinden Corporation Bhd,/equities/bintai-kinden-corporation-bhd,Download Sucessful,1,Append Successfully,,,,
Fintec Global Bhd,/equities/asia-bioenergy-technologies-bhd,Download Sucessful,1,Append Successfully,,,,
Dynaciate Group Bhd,/equities/tatt-giap-group-bhd,Download Sucessful,1,Append Successfully,,,,
JCY International Bhd,/equities/jcy-international-bhd,Download Sucessful,1,Append Successfully,,,,
Metronic Global Bhd,/equities/metronic-global-bhd,Download Sucessful,1,Append Successfully,,,,
GPA Holdings Bhd,/equities/gpa-holdings-bhd,Download Sucessful,1,Append Successfully,,,,
WCT Holdings Bhd,/equities/wct-holdings-bhd,Download Sucessful,1,Append Successfully,,,,
Boustead Plantations Bhd,/equities/boustead-plantations-bhd,Download Sucessful,1,Append Successfully,,,,
Pasukhas Group Bhd,/equities/pasukhas-group-bhd,Download Sucessful,1,Append Successfully,,,,
Minetech Resources Bhd,/equities/minetech-resources-bhd,Download Sucessful,1,Append Successfully,,,,
MMAG Holdings Bhd,/equities/mmag-holdings-bhd,Download Failed,1,Skipped,,,,
Inix Technologies Holdings Bhd,/equities/inix-technologies-holdings-bhd,Download Failed,1,Skipped,,,,
Icon Offshore Bhd,/equities/icon-offshore-bhd,Download Failed,1,Skipped,,,,
GETS Global Bhd,/equities/kbes-bhd,Download Failed,1,Skipped,,,,
Felda Global Ventures Holdings Bhd,/equities/felda-global-ventures-holdings-bhd,Download Failed,1,Skipped,,,,
IFCA MSC Bhd,/equities/ifca-msc-bhd,Download Failed,1,Skipped,,,,
Hibiscus Petroleum BHD,/equities/hibiscus-petroleum-bhd,Download Failed,1,Skipped,,,,
Orion lXL Bhd,/equities/orion-lxl-bhd,Download Failed,1,Skipped,,,,
FoundPac Group Bhd,/equities/foundpac-group-bhd,Download Failed,1,Skipped,,,,
Global Oriental Bhd,/equities/global-oriental-bhd,Download Failed,1,Skipped,,,,
Genting Bhd,/equities/genting-bhd,Download Failed,1,Skipped,,,,
Muhibbah Engineering M Bhd,/equities/muhibbah-engineering-m-bhd,Download Failed,1,Skipped,,,,
Mitrajaya Holdings Bhd,/equities/mitrajaya-holdings-bhd,Download Failed,1,Skipped,,,,
Luxchem Corporation Bhd,/equities/luxchem-corporation-bhd,Download Failed,1,Skipped,,,,
Dialog Group Bhd,/equities/dialog-group-bhd,Download Failed,1,Skipped,,,,
Radiant Globaltech Bhd,/equities/radiant-globaltech,Download Failed,1,Skipped,,,,
Inari Amertron Bhd,/equities/inari-amertron-bhd,Download Failed,1,Skipped,,,,
Ajiya Bhd,/equities/ajiya-bhd,Download Failed,1,Skipped,,,,
Mieco Chipboard Bhd,/equities/mieco-chipboard-bhd,Download Failed,1,Skipped,,,,
GD Express Carrier Bhd,/equities/gd-express-carrier-bhd,Download Failed,1,Skipped,,,,
Astro Malaysia Holdings Bhd,/equities/astro-malaysia-holdings-bhd,Download Failed,1,Skipped,,,,
Mscm Holdings Bhd,/equities/panpages-bhd,Download Failed,1,Skipped,,,,
Vertice Bhd,/equities/voir-holdings-bhd,Download Failed,1,Skipped,,,,
Tek Seng Holdings Bhd,/equities/tek-seng-holdings-bhd,Download Failed,1,Skipped,,,,
Puncak Niaga Holdings Bhd,/equities/puncak-niaga-holdings-bhd,Download Failed,1,Skipped,,,,
Leweko Resources Bhd,/equities/leweko-resources-bhd,Download Failed,1,Skipped,,,,
MSM Malaysia Holdings Bhd,/equities/msm-malaysia-holdings-bhd,Download Failed,1,Skipped,,,,
Symphony Life Bhd,/equities/symphony-life-bhd,Download Failed,1,Skipped,,,,
Dufu Tech Corp Bhd,/equities/dufu-tech-corp-bhd,Download Failed,1,Skipped,,,,
AMMB Holdings Bhd,/equities/ammb-holdings-bhd,Download Failed,1,Skipped,,,,
KPJ Healthcare Bhd,/equities/kpj-healthcare-bhd,Download Failed,1,Skipped,,,,
OSK Holdings Bhd,/equities/osk-holdings-bhd,Download Failed,1,Skipped,,,,
Tasco Bhd,/equities/tasco-bhd,Download Failed,1,Skipped,,,,
Yinson Holdings Bhd,/equities/yinson-holdings-bhd,Download Failed,1,Skipped,,,,
MISC Bhd,/equities/misc-bhd,Download Failed,1,Skipped,,,,
Sime Darby Plantation Bhd,/equities/sime-darby-plantation,Download Failed,1,Skipped,,,,
Kuantan Flour Mills Bhd,/equities/kuantan-flour-mills-bhd,Download Failed,1,Skipped,,,,
Advance Synergy Bhd,/equities/advance-synergy-bhd,Download Failed,1,Skipped,,,,
Ho Hup Construction Company,/equities/ho-hup-construction-company,Download Failed,1,Skipped,,,,
AYS Ventures Bhd,/equities/ays-ventures-bhd,Download Failed,1,Skipped,,,,
UOA Development Bhd,/equities/uoa-development-bhd,Download Failed,1,Skipped,,,,
Kretam Holdings Bhd,/equities/kretam-holdings-bhd,Download Failed,1,Skipped,,,,
Revenue Group Bhd,/equities/revenue-group,Download Failed,1,Skipped,,,,
WCE Holdings Bhd,/equities/kumpulan-europlus-bhd,Download Failed,1,Skipped,,,,
Acoustech Bhd,/equities/acoustech-bhd,Download Failed,1,Skipped,,,,
Pesona Metro Holdings Bhd,/equities/pesona-metro-holdings-bhd,Download Failed,1,Skipped,,,,
Hap Seng Plantations Holdings Bhd,/equities/hap-seng-plantations-holdings-bhd,Download Failed,1,Skipped,,,,
Wong Engineering Corporation Bhd,/equities/wong-engineering-corp,Download Failed,1,Skipped,,,,
AWC Bhd,/equities/awc-bhd,Download Failed,1,Skipped,,,,
Malaysia Marine and Heavy Engineering Holdings Bhd,/equities/malaysia-marine-heavy-engineering,Download Failed,1,Skipped,,,,
Kawan Food Bhd,/equities/kawan-food-bhd,Download Failed,1,Skipped,,,,
Majuperak Holdings Bhd,/equities/majuperak-holdings-bhd,Download Failed,1,Skipped,,,,
Melati Ehsan Holdings Bhd,/equities/melati-ehsan-holdings-bhd,Download Failed,1,Skipped,,,,
Scicom MSC Bhd,/equities/scicom-msc-bhd,Download Failed,1,Skipped,,,,
Leong Hup International Berhad,/equities/leong-hup-international-berhad,Download Failed,1,Skipped,,,,
Lii Hen Industries Bhd,/equities/lii-hen-industries-bhd,Download Failed,1,Skipped,,,,
ViTrox Corporation Bhd,/equities/vitrox-corporation-bhd,Download Failed,1,Skipped,,,,
Gagasan Nadi Cergas Berhad,/equities/gagasan-nadi-cergas,Download Failed,1,Skipped,,,,
Pansar Bhd,/equities/pansar-bhd,Download Failed,1,Skipped,,,,
LFE Corporation Bhd,/equities/lfe-corporation-bhd,Download Failed,1,Skipped,,,,
Olympia Industries Bhd,/equities/olympia-industries-bhd,Download Failed,1,Skipped,,,,
AmanahRaya Real Estate Investment Trust,/equities/amanahraya-real-estate,Download Failed,1,Skipped,,,,
Lafarge Malayan Cement Bhd,/equities/lafarge-malayan-cement-bhd,Download Failed,1,Skipped,,,,
Pantech Group Holdings Bhd,/equities/pantech-group-holdings-bhd,Download Failed,1,Skipped,,,,
Muar Ban Lee Group Bhd,/equities/muar-ban-lee-group-bhd,Download Failed,1,Skipped,,,,
Glomac Bhd,/equities/glomac-bhd,Download Failed,1,Skipped,,,,
Khee San Bhd,/equities/khee-san-bhd,Download Failed,1,Skipped,,,,
Lien Hoe Corporation Bhd,/equities/lien-hoe-corporation-bhd,Download Failed,1,Skipped,,,,
BCB Bhd,/equities/bcb-bhd,Download Failed,1,Skipped,,,,
Watta Holding Bhd,/equities/watta-holding-bhd,Download Failed,1,Skipped,,,,
Damansara Realty Bhd,/equities/damansara-realty-bhd,Download Failed,1,Skipped,,,,
Rexit Bhd,/equities/rexit-bhd,Download Failed,1,Skipped,,,,
Oriental Food Industries Hold,/equities/oriental-food-industries-hold,Download Failed,1,Skipped,,,,
Gas Malaysia Bhd,/equities/gas-malaysia-bhd,Download Failed,1,Skipped,,,,
Ornapaper Bhd,/equities/ornapaper-bhd,Download Failed,1,Skipped,,,,
Ken Holdings Bhd,/equities/ken-holdings-bhd,Download Failed,1,Skipped,,,,
Dominant Enterprise Bhd,/equities/dominant-enterprise-bhd,Download Failed,1,Skipped,,,,
Fima Corporation Bhd,/equities/fima-corporation-bhd,Download Failed,1,Skipped,,,,
Genetec Technology Bhd,/equities/genetec-technology-bhd,Download Failed,1,Skipped,,,,
Can One Bhd,/equities/can-one-bhd,Download Failed,1,Skipped,,,,
Sarawak Cable Bhd,/equities/sarawak-cable-bhd,Download Failed,1,Skipped,,,,
SHH Resources Holdings Bhd,/equities/shh-resources-holdings-bhd,Download Failed,1,Skipped,,,,
Kein Hing International Bhd,/equities/kein-hing-international-bhd,Download Failed,1,Skipped,,,,
Pavilion Real Estate Inv Trust,/equities/pavilion-real-estate-inv-trust,Download Failed,1,Skipped,,,,
Classic Scenic Bhd,/equities/classic-scenic-bhd,Download Failed,1,Skipped,,,,
Selangor Dredging Bhd,/equities/selangor-dredging-bhd,Download Failed,1,Skipped,,,,
Al-Salam Real Estate Investment Trust,/equities/al-salam-real-estate-investment,Download Failed,1,Skipped,,,,
KESM Industries Bhd,/equities/kesm-industries-bhd,Download Failed,1,Skipped,,,,
Advanced Packaging Tech (Malaysia),/equities/advanced-packaging-tech-(m),Download Failed,1,Skipped,,,,
Ralco Corporation Bhd,/equities/ralco-corporation-bhd,Download Failed,1,Skipped,,,,
Freight Management Holdings,/equities/freight-management-holdings,Download Failed,1,Skipped,,,,
Al Aqar Healthcare Reit,/equities/al-aqar-healthcare-reit,Download Failed,1,Skipped,,,,
Y&G Corp Bhd,/equities/y-g-corp-bhd,Download Failed,1,Skipped,,,,
Widetech Malaysia Bhd,/equities/widetech-malaysia-bhd,Download Failed,1,Skipped,,,,
Pimpinan Eshan Bhd,/equities/triplc-bhd,Download Failed,1,Skipped,,,,
ABM Fujiya Bhd,/equities/abm-fujiya-bhd,Download Failed,1,Skipped,,,,
Box Pak (Malaysia) Bhd,/equities/box-pak-(malaysia)-bhd,Download Failed,1,Skipped,,,,
CAM Resources Bhd,/equities/cam-resources-bhd,Download Failed,1,Skipped,,,,
Far East Holdings Bhd,/equities/far-east-holdings-bhd,Download Failed,1,Skipped,,,,
Ideal United Bintang Bhd,/equities/ideal-united-bintang-bhd,Download Failed,1,Skipped,,,,
LTKM Bhd,/equities/ltkm-bhd,Download Failed,1,Skipped,,,,
Paos Holdings Bhd,/equities/paos-holdings-bhd,Download Failed,1,Skipped,,,,
Xian Leng Holdings Bhd,/equities/xian-leng-holdings-bhd,Download Failed,1,Skipped,,,,
Multi-Usage Holdings Bhd,/equities/multi-usage-holdings-bhd,Download Failed,1,Skipped,,,,
PJBumi Bhd,/equities/pjbumi-bhd,Download Failed,1,Skipped,,,,
Red Sena Bhd,/equities/red-sena-bhd,Download Failed,1,Skipped,,,,
DWL Resources Bhd,/equities/spring-gallery-bhd-pref,Download Failed,1,Skipped,,,,
Topvision Eye Specialist,/equities/topvision-eye-specialist,Download Failed,1,Skipped,,,,
Anzo Holdings Bhd,/equities/harvest-court-industries-bhd,Download Sucessful,1,Append Successfully,,,,
iDimension Consolidated Bhd,/equities/idimension-consolidated-bhd,Download Sucessful,1,Append Successfully,,,,
K Star Sports Ltd,/equities/k-star-sports-ltd,Download Sucessful,1,Append Successfully,,,,
Supermax Corporation Bhd,/equities/supermax-corporation-bhd,Download Sucessful,1,Append Successfully,,,,
Velesto Energy Bhd,/equities/umw-oil-and-gas-corporation,Download Sucessful,1,Append Successfully,,,,
Vortex Consolidated Bhd,/equities/skh-consortium-bhd,Download Sucessful,1,Append Successfully,,,,
CME Group Bhd,/equities/cme-group-bhd,Download Sucessful,1,Append Successfully,,,,
Key Alliance Group Bhd,/equities/key-alliance-group-bhd,Download Sucessful,1,Append Successfully,,,,
NWP Holdings Bhd,/equities/nwp-holdings-bhd,Download Sucessful,1,Append Successfully,,,,
OCR Group Bhd,/equities/takaso-resources-bhd,Download Sucessful,1,Append Successfully,,,,
Luster Industries Bhd,/equities/luster-industries-bhd,Download Failed,1,Skipped,,,,
Malton Bhd,/equities/malton-bhd,Download Failed,1,Skipped,,,,
NetX Holdings Bhd,/equities/netx-holdings-bhd,Download Failed,1,Skipped,,,,
Malayan United Industries Bhd,/equities/malayan-united-industries-bhd,Download Failed,1,Skipped,,,,
Borneo Aqua Harvest Bhd,/equities/borneo-aqua-harvest-bhd,Download Failed,1,Skipped,,,,
I-Stone Group Bhd,/equities/i-stone-group-bhd,Download Failed,1,Skipped,,,,
VS Industry Bhd,/equities/vs-industry-bhd,Download Failed,1,Skipped,,,,
TFP Solutions Bhd,/equities/tfp-solutions-bhd,Download Failed,1,Skipped,,,,
Eastland Equity Bhd,/equities/eastland-equity-bhd,Download Failed,1,Skipped,,,,
M3 Technologies Asia Bhd,/equities/m3-technologies-asia-bhd,Download Failed,1,Skipped,,,,
Mestron Holdings,/equities/mestron-holdings,Download Failed,1,Skipped,,,,
ATA IMS Bhd,/equities/denko-industrial-corporation,Download Failed,1,Skipped,,,,
Vizione Holdings Bhd,/equities/astral-supreme-bhd,Download Failed,1,Skipped,,,,
Sanbumi Holdings Bhd,/equities/sanbumi-holdings-bhd,Download Failed,1,Skipped,,,,
LBS Bina Group Bhd,/equities/lbs-bina-group-bhd,Download Failed,1,Skipped,,,,
Frontken Corporation Bhd,/equities/frontken-corporation-bhd,Download Failed,1,Skipped,,,,
South Malaysia Industries Bhd,/equities/south-malaysia-industries-bhd,Download Failed,1,Skipped,,,,
MMC Corporation Bhd,/equities/mmc-corporation-bhd,Download Failed,1,Skipped,,,,
Excel Force MSC Bhd,/equities/excel-force-msc-bhd,Download Failed,1,Skipped,,,,
Managepay Systems Bhd,/equities/managepay-systems-bhd,Download Failed,1,Skipped,,,,
MAG Holdings Berhad,/equities/xinghe-holdings-bhd,Download Failed,1,Skipped,,,,
Gamuda Bhd,/equities/gamuda-bhd,Download Failed,1,Skipped,,,,
Reach Energy Bhd,/equities/reach-energy-bhd,Download Failed,1,Skipped,,,,
Solarvest Holdings Bhd,/equities/solarvest-holdings-bhd,Download Failed,1,Skipped,,,,
SMRT Holdings Bhd,/equities/smrt-holdings-bhd,Download Failed,1,Skipped,,,,
YTL Hospitality REIT,/equities/ytl-hospitality-reit,Download Failed,1,Skipped,,,,
Sersol Bhd,/equities/sersol-bhd,Download Failed,1,Skipped,,,,
KSL Holdings Bhd,/equities/ksl-holdings-bhd,Download Failed,1,Skipped,,,,
Emico Holdings Bhd,/equities/emico-holdings-bhd,Download Failed,1,Skipped,,,,
Dataprep Holdings Bhd,/equities/dataprep-holdings-bhd,Download Failed,1,Skipped,,,,
Brite Tech Bhd,/equities/brite-tech-bhd,Download Failed,1,Skipped,,,,
DiGi.Com Bhd,/equities/digi.com-bhd,Download Failed,1,Skipped,,,,
Techbond Group Bhd,/equities/techbond-group,Download Failed,1,Skipped,,,,
Sunway Real Estate Investment Trust,/equities/sunway-real-estate-invest-trust,Download Failed,1,Skipped,,,,
N2N Connect Bhd,/equities/n2n-connect-bhd,Download Failed,1,Skipped,,,,
WTK Holdings Bhd,/equities/wtk-holdings-bhd,Download Failed,1,Skipped,,,,
Seacera Group Bhd,/equities/seacera-group-bhd,Download Failed,1,Skipped,,,,
Melewar Industrial Group Bhd,/equities/melewar-industrial-group,Download Failed,1,Skipped,,,,
Greatech Technology Bhd,/equities/greatech-technology-bhd,Download Failed,1,Skipped,,,,
POS Malaysia&Services Holdings Bhd,/equities/pos-malaysia-services-holdings-bhd,Download Failed,1,Skipped,,,,
Alliance Financial Group Bhd,/equities/malaysian-plantations-bhd,Download Failed,1,Skipped,,,,
Dpi Holdings Berhad,/equities/dpi-holdings,Download Failed,1,Skipped,,,,
Westports Holdings Bhd,/equities/westports-holdings-bhd,Download Failed,1,Skipped,,,,
Taliworks Corporation Bhd,/equities/taliworks-corporation-bhd,Download Failed,1,Skipped,,,,
Guan Chong Bhd,/equities/guan-chong-bhd,Download Failed,1,Skipped,,,,
Elsoft Research Bhd,/equities/elsoft-research-bhd,Download Failed,1,Skipped,,,,
I-Berhad,/equities/i-bhd,Download Failed,1,Skipped,,,,
HCK Capital Group Bhd,/equities/hck-capital-group-bhd,Download Failed,1,Skipped,,,,
Eden Inc Bhd,/equities/eden-inc-bhd,Download Failed,1,Skipped,,,,
Solid Automotive Bhd,/equities/solid-automotive-bhd,Download Failed,1,Skipped,,,,
Kimlun Corporation Bhd,/equities/kimlun-corporation-bhd,Download Failed,1,Skipped,,,,
Lion Forest Industries Bhd,/equities/lion-forest-industries-bhd,Download Failed,1,Skipped,,,,
Tanco Holdings Bhd,/equities/tanco-holdings-bhd,Download Failed,1,Skipped,,,,
MPHB Capital Bhd,/equities/mphb-capital-bhd,Download Failed,1,Skipped,,,,
CCK Consolidated Holdings Bhd,/equities/cck-consolidated-holdings,Download Failed,1,Skipped,,,,
Salutica Bhd,/equities/salutica-bhd,Download Failed,1,Skipped,,,,
PIE Industrial Bhd,/equities/pie-industrial-bhd,Download Failed,1,Skipped,,,,
AmFIRST Real Estate Investment Trust,/equities/amfirst,Download Failed,1,Skipped,,,,
Rohas Tecnic Bhd,/equities/tecnic-group-bhd,Download Failed,1,Skipped,,,,
Kuala Lumpur Kepong Bhd,/equities/kuala-lumpur-kepong-bhd,Download Failed,1,Skipped,,,,
TMC Life Sciences Bhd,/equities/tmc-life-sciences-bhd,Download Failed,1,Skipped,,,,
Atrium Real Estate Investment Trust,/equities/atrium,Download Failed,1,Skipped,,,,
Sealink International Bhd,/equities/sealink-international-bhd,Download Failed,1,Skipped,,,,
Kamdar Group (Malaysia) Bhd,/equities/kamdar-group-(m)-bhd,Download Failed,1,Skipped,,,,
Pinehill Pacific Bhd,/equities/pinehill-pacific-bhd,Download Failed,1,Skipped,,,,
Hengyuan Refining Company Bhd,/equities/shell-refining-company,Download Failed,1,Skipped,,,,
Eversafe Rubber Bhd,/equities/eversafe-rubber-bhd,Download Failed,1,Skipped,,,,
Kwantas Corporation Bhd,/equities/kwantas-corporation-bhd,Download Failed,1,Skipped,,,,
Public Packages Holdings Bhd,/equities/public-packages-holdings,Download Failed,1,Skipped,,,,
Leader Steel Holdings Bhd,/equities/leader-steel-holdings-bhd,Download Failed,1,Skipped,,,,
Amtel Holdings Bhd,/equities/amtel-holdings-bhd,Download Failed,1,Skipped,,,,
Dutaland Bhd,/equities/dutaland-bhd,Download Failed,1,Skipped,,,,
ZECON Bhd,/equities/zecon-bhd,Download Failed,1,Skipped,,,,
Oversea Enterprise Bhd,/equities/oversea-enterprise-bhd,Download Failed,1,Skipped,,,,
Brem Holding Bhd,/equities/brem-holding-bhd,Download Failed,1,Skipped,,,,
Malaysia Smelting Corporation Bhd,/equities/malaysia-smelting-corp,Download Failed,1,Skipped,,,,
LPI Capital Bhd,/equities/lpi-capital-bhd,Download Failed,1,Skipped,,,,
APB Resources Bhd,/equities/apb-resources-bhd,Download Failed,1,Skipped,,,,
TPC Plus Bhd,/equities/tpc-plus-bhd,Download Failed,1,Skipped,,,,
Nestle (Malaysia) Bhd,/equities/nestle-(malaysia)-bhd,Download Failed,1,Skipped,,,,
SEAL Incorporated Bhd,/equities/seal-incorporated-bhd,Download Failed,1,Skipped,,,,
UOA Real Estate Investment Trust,/equities/uoa-reit,Download Failed,1,Skipped,,,,
Sapura Resources Bhd,/equities/sapura-resources-bhd,Download Failed,1,Skipped,,,,
GSB Group Bhd,/equities/gsb-group-bhd,Download Failed,1,Skipped,,,,
Batu Kawan Bhd,/equities/batu-kawan-bhd,Download Failed,1,Skipped,,,,
Fibon Bhd,/equities/fibon-bhd,Download Failed,1,Skipped,,,,
PNE PCB Bhd,/equities/pne-pcb-bhd,Download Failed,1,Skipped,,,,
Stella Holdings Bhd,/equities/merge-energy-bhd,Download Failed,1,Skipped,,,,
KIP Real Estate Investment Trust,/equities/kip-real-estate-investment-trust,Download Failed,1,Skipped,,,,
Goh Ban Huat Bhd,/equities/goh-ban-huat-bhd,Download Failed,1,Skipped,,,,
Sapura Industrial Bhd,/equities/sapura-industrial-bhd,Download Failed,1,Skipped,,,,
DKLS Industries Bhd,/equities/dkls-industries-bhd,Download Failed,1,Skipped,,,,
Country View Bhd,/equities/country-view-bhd,Download Failed,1,Skipped,,,,
Eksons Corp Bhd,/equities/eksons-corp-bhd,Download Failed,1,Skipped,,,,
Paragon Union Bhd,/equities/paragon-union-bhd,Download Failed,1,Skipped,,,,
Encorp Bhd,/equities/encorp-bhd,Download Failed,1,Skipped,,,,
Bina Darulaman Bhd,/equities/bina-darulaman-bhd,Download Failed,1,Skipped,,,,
Central Industrial Corp,/equities/central-industrial-corp,Download Failed,1,Skipped,,,,
EP Manufacturing Bhd,/equities/ep-manufacturing-bhd,Download Failed,1,Skipped,,,,
Harrisons Holdings (Malaysia),/equities/harrisons-holdings-(malaysia),Download Failed,1,Skipped,,,,
Karambunai Corp Bhd,/equities/karambunai-corp-bhd,Download Failed,1,Skipped,,,,
Multi Sports Holdings Ltd,/equities/multi-sports-holdings-ltd,Download Failed,1,Skipped,,,,
Selangor Properties Bhd,/equities/selangor-properties-bhd,Download Failed,1,Skipped,,,,
Kumpulan H & L High-Tech Bhd,/equities/kumpulan-h-l-high-tech,Download Failed,1,Skipped,,,,
Sumatec Resources Bhd,/equities/sumatec-resources-bhd,Download Failed,1,Skipped,,,,
Utusan Melayu Malaysia Bhd,/equities/utusan-melayu-malaysia-bhd,Download Failed,1,Skipped,,,,
Grand Central Enterprises Bhd,/equities/grand-central-enterprises-bhd,Download Failed,1,Skipped,,,,
Asia Poly Holdings Bhd Pref,/equities/asia-poly-pref,Download Failed,1,Skipped,,,,
MMIS Bhd,/equities/mmis-bhd,Download Failed,1,Skipped,,,,
Zelan Bhd,/equities/zelan-bhd,Download Sucessful,1,Append Successfully,,,,
Bina Puri Holdings Bhd,/equities/bina-puri-holdings-bhd,Download Sucessful,1,Append Successfully,,,,
Nova MSC Bhd,/equities/nova-msc-bhd,Download Sucessful,1,Append Successfully,,,,
Ho Wah Genting Bhd,/equities/ho-wah-genting-bhd,Download Sucessful,1,Append Successfully,,,,
Mlabs Systems Bhd,/equities/mlabs-systems-bhd,Download Sucessful,1,Append Successfully,,,,
Sino Hua An International Bhd,/equities/sino-hua-an-international,Download Sucessful,1,Append Successfully,,,,
Prestariang Bhd,/equities/prestariang-bhd,Download Sucessful,1,Append Successfully,,,,
ES Ceramics Technology Bhd,/equities/es-ceramics-technology-bhd,Download Sucessful,1,Append Successfully,,,,
Asian Pac Holdings Bhd,/equities/asian-pac-holdings-bhd,Download Sucessful,1,Append Successfully,,,,
SC Estate Builder Bhd,/equities/sc-estate-builder-bhd,Download Failed,1,Skipped,,,,
Vsolar Group Bhd,/equities/vsolar-group-bhd,Download Failed,1,Skipped,,,,
MY EG Services Bhd,/equities/my-eg-services-bhd,Download Failed,1,Skipped,,,,
Konsortium Transnasional Bhd,/equities/konsortium-transnasional-bhd,Download Failed,1,Skipped,,,,
Adventa Bhd,/equities/adventa-bhd,Download Failed,1,Skipped,,,,
CNI Holdings Bhd,/equities/cni-holdings-bhd,Download Failed,1,Skipped,,,,
MUI Properties Bhd,/equities/mui-properties-bhd,Download Failed,1,Skipped,,,,
Diversified Gateway Solutions Bhd,/equities/diversified-gateway-solutions-bhd,Download Failed,1,Skipped,,,,
TDM Bhd,/equities/tdm-bhd,Download Failed,1,Skipped,,,,
Malaysia Pacific Corporation,/equities/malaysia-pacific-corporation,Download Failed,1,Skipped,,,,
Kossan Rubber Industries Bhd,/equities/kossan-rubber-industries-bhd,Download Failed,1,Skipped,,,,
Tenaga Nasional Bhd,/equities/tenaga-nasional-bhd,Download Failed,1,Skipped,,,,
Pan Malaysia Holdings Bhd,/equities/pan-malaysia-holdings-bhd,Download Failed,1,Skipped,,,,
TH Heavy Engineering Bhd,/equities/th-heavy-engineering-bhd,Download Failed,1,Skipped,,,,
Tadmax Resources Bhd,/equities/tadmax-resources-bhd,Download Failed,1,Skipped,,,,
Boustead Holdings Bhd,/equities/boustead-holdings-bhd,Download Failed,1,Skipped,,,,
Mtag Group Berhad,/equities/mtag-group-berhad,Download Failed,1,Skipped,,,,
Dnonce Tech Bhd,/equities/dnonce-tech-bhd,Download Failed,1,Skipped,,,,
Pharmaniaga Bhd,/equities/pharmaniaga-bhd,Download Failed,1,Skipped,,,,
HeveaBoard Bhd,/equities/heveaboard-bhd,Download Failed,1,Skipped,,,,
Advancecon Holdings Bhd,/equities/advancecon-holdings-bhd,Download Failed,1,Skipped,,,,
TSH Resources Bhd,/equities/tsh-resources-bhd,Download Failed,1,Skipped,,,,
Perdana Petroleum Bhd,/equities/perdana-petroleum,Download Failed,1,Skipped,,,,
Minho M Bhd,/equities/minho-m-bhd,Download Failed,1,Skipped,,,,
Pentamaster Corporation Bhd,/equities/pentamaster-corporation-bhd,Download Failed,1,Skipped,,,,
RHB Bank Bhd,/equities/rhb-capital-bhd,Download Failed,1,Skipped,,,,
Greenyield Bhd,/equities/greenyield-bhd,Download Failed,1,Skipped,,,,
Serba Dinamik Holdings Bhd,/equities/serba-dinamik-holdings-bhd,Download Failed,1,Skipped,,,,
Ni Hsin Resources Bhd,/equities/ni-hsin-resources-bhd,Download Failed,1,Skipped,,,,
EA Holdings Bhd,/equities/ea-holdings-bhd,Download Failed,1,Skipped,,,,
PPB Group Bhd,/equities/ppb-group-bhd,Download Failed,1,Skipped,,,,
Scomi Group Bhd,/equities/scomi-group-bhd,Download Failed,1,Skipped,,,,
Spring Art Holdings Bhd,/equities/spring-art-holdings-bhd,Download Failed,1,Skipped,,,,
MClean Technologies Bhd,/equities/mclean-technologies-bhd,Download Failed,1,Skipped,,,,
JAG Bhd,/equities/jag-bhd,Download Failed,1,Skipped,,,,
SCGM Bhd,/equities/scgm-bhd,Download Failed,1,Skipped,,,,
Cypark Resources Berhad,/equities/cypark-resources-berhad,Download Failed,1,Skipped,,,,
IOI Corporation Bhd,/equities/ioi-corporation-bhd,Download Failed,1,Skipped,,,,
Kelington Group Bhd,/equities/kelington-group-bhd,Download Failed,1,Skipped,,,,
Thong Guan Industries Bhd,/equities/thong-guan-industries-bhd,Download Failed,1,Skipped,,,,
Malayan Flour Mills Bhd,/equities/malayan-flour-mills-bhd,Download Failed,1,Skipped,,,,
Poh Huat Resources Holdings,/equities/poh-huat-resources-holdings,Download Failed,1,Skipped,,,,
KLCC Property Holdings Bhd,/equities/klcc-prop-reits---stapled-sec,Download Failed,1,Skipped,,,,
Redtone International Bhd,/equities/redtone-international-bhd,Download Failed,1,Skipped,,,,
YKGI Holdings Bhd,/equities/ykgi-holdings-bhd,Download Failed,1,Skipped,,,,
JKG Land Bhd,/equities/keladi-maju-bhd,Download Failed,1,Skipped,,,,
TA Enterprise Bhd,/equities/ta-enterprise-bhd,Download Failed,1,Skipped,,,,
Jerasia Capital Bhd,/equities/jerasia-capital-bhd,Download Failed,1,Skipped,,,,
Lagenda Properties Bhd,/equities/d.b.e.-gurney-resources-bhd,Download Failed,1,Skipped,,,,
QL Resources Bhd,/equities/ql-resources-bhd,Download Failed,1,Skipped,,,,
AME Elite Consortium Bhd,/equities/ame-elite-consortium-bhd,Download Failed,1,Skipped,,,,
Mycron Steel Bhd,/equities/mycron-steel-bhd,Download Failed,1,Skipped,,,,
MMS Ventures Bhd,/equities/mms-ventures-bhd,Download Failed,1,Skipped,,,,
Xin Hwa Holdings Bhd,/equities/xin-hwa-holdings-bhd,Download Failed,1,Skipped,,,,
ECS ICT Bhd,/equities/ecs-ict-bhd,Download Failed,1,Skipped,,,,
Sycal Ventures Bhd,/equities/sycal-ventures-bhd,Download Failed,1,Skipped,,,,
Hap Seng Consolidated Bhd,/equities/hap-seng-consolidated-bhd,Download Failed,1,Skipped,,,,
Pelangi Publishing Group Bhd,/equities/pelangi-publishing-group,Download Failed,1,Skipped,,,,
Superlon Holdings Bhd,/equities/superlon-holdings-bhd,Download Failed,1,Skipped,,,,
UMW Holdings Bhd,/equities/umw-holdings-bhd,Download Failed,1,Skipped,,,,
Eng Kah Corporation Bhd,/equities/eng-kah-corporation-bhd,Download Failed,1,Skipped,,,,
Prestar Resources Bhd,/equities/prestar-resources-bhd,Download Failed,1,Skipped,,,,
Master Pack Group Bhd,/equities/master-pack-group-bhd,Download Failed,1,Skipped,,,,
YNH Property Bhd,/equities/ynh-property-bhd,Download Failed,1,Skipped,,,,
Paramount Corporation Bhd,/equities/paramount-corporation-bhd,Download Failed,1,Skipped,,,,
SLP Resources Bhd,/equities/slp-resources-bhd,Download Failed,1,Skipped,,,,
BSL Corp Bhd,/equities/bsl-corp-bhd,Download Failed,1,Skipped,,,,
Latitude Tree Holdings Bhd,/equities/latitude-tree-holdings-bhd,Download Failed,1,Skipped,,,,
Teck Guan Perdana Bhd,/equities/teck-guan-perdana-bhd,Download Failed,1,Skipped,,,,
CSC Steel Holdings Bhd,/equities/csc-steel-holdings-bhd,Download Failed,1,Skipped,,,,
Yoong Onn Corporation Bhd,/equities/yoong-onn-corporation-bhd,Download Failed,1,Skipped,,,,
Genting Plantations Bhd,/equities/genting-plantations-bhd,Download Failed,1,Skipped,,,,
SWS Capital Bhd,/equities/sws-capital-bhd,Download Failed,1,Skipped,,,,
Berjaya Assets Bhd,/equities/berjaya-assets-bhd,Download Failed,1,Skipped,,,,
Sand Nisko Capital Bhd,/equities/len-cheong-holding-bhd,Download Failed,1,Skipped,,,,
Gabungan AQRS Bhd,/equities/gabungan-aqrs-bhd,Download Failed,1,Skipped,,,,
SIG Gases Bhd,/equities/sig-gases-bhd,Download Failed,1,Skipped,,,,
Innature Bhd,/equities/innature-bhd,Download Failed,1,Skipped,,,,
Country Heights Holdings Bhd,/equities/country-heights-holdings-bhd,Download Failed,1,Skipped,,,,
A Rank Bhd,/equities/a-rank-bhd,Download Failed,1,Skipped,,,,
Mesiniaga Bhd,/equities/mesiniaga-bhd,Download Failed,1,Skipped,,,,
PLS Plantations Bhd,/equities/pls-plantations-bhd,Download Failed,1,Skipped,,,,
Leon Fuat Bhd,/equities/leon-fuat-bhd,Download Failed,1,Skipped,,,,
Unimech Group Bhd,/equities/unimech-group-bhd,Download Failed,1,Skipped,,,,
EITA Resources Bhd,/equities/eita-resources-bhd,Download Failed,1,Skipped,,,,
Apollo Food Holdings Bhd,/equities/apollo-food-holdings-bhd,Download Failed,1,Skipped,,,,
Timberwell Bhd,/equities/timberwell-bhd,Download Failed,1,Skipped,,,,
Analabs Resources Bhd,/equities/analabs-resources-bhd,Download Failed,1,Skipped,,,,
Mulpha International Bhd,/equities/mulpha-international-bhd,Download Failed,1,Skipped,,,,
G3 Global Bhd,/equities/yen-global-bhd,Download Failed,1,Skipped,,,,
Toyo Ink Group Bhd,/equities/toyo-ink-group-bhd,Download Failed,1,Skipped,,,,
Plenitude Bhd,/equities/plenitude-bhd,Download Failed,1,Skipped,,,,
Farlim Group (Malaysia) Bhd,/equities/farlim-group-(malaysia)-bhd,Download Failed,1,Skipped,,,,
Pineapple Resources Bhd,/equities/pineapple-resources-bhd,Download Failed,1,Skipped,,,,
Metro Healthcare Berhad,/equities/metro-healthcare,Download Failed,1,Skipped,,,,
LBS Bina Group Bhd Pref,/equities/lbs-bina,Download Failed,1,Skipped,,,,
APFT Bhd,/equities/apft-bhd,Download Failed,1,Skipped,,,,
Computer Forms (Malaysia) Bhd,/equities/computer-forms-(malaysia)-bhd,Download Failed,1,Skipped,,,,
DeGem Bhd,/equities/degem-bhd,Download Failed,1,Skipped,,,,
FSBM Holdings Bhd,/equities/fsbm-holdings-bhd,Download Failed,1,Skipped,,,,
Khind Holdings Bhd,/equities/khind-holdings-bhd,Download Failed,1,Skipped,,,,
Malpac Holdings Bhd,/equities/malpac-holdings-bhd,Download Failed,1,Skipped,,,,
Pintaras Jaya Bhd,/equities/pintaras-jaya-bhd,Download Failed,1,Skipped,,,,
Yee Lee Corporation Bhd,/equities/yee-lee-corporation-bhd,Download Failed,1,Skipped,,,,
Tasek Corporation Bhd,/equities/tasek-corporation-bhd,Download Failed,1,Skipped,,,,
Suiwah Corporation Bhd,/equities/suiwah-corporation-bhd,Download Failed,1,Skipped,,,,
Transocean Holdings Bhd,/equities/transocean-holdings-bhd,Download Failed,1,Skipped,,,,
S P Setia Bhd Pref,/equities/s-p-setia-bhd,Download Failed,1,Skipped,,,,
Supreme Consolidated Resources,/equities/supreme-consolidated-resources,Download Failed,1,Skipped,,,,
Parkson Holdings Bhd,/equities/parkson-holdings-bhd,Download Sucessful,1,Append Successfully,,,,
PDZ Holdings Bhd,/equities/pdz-holdings-bhd,Download Sucessful,1,Append Successfully,,,,
Borneo Oil Bhd,/equities/borneo-oil-bhd,Download Sucessful,1,Append Successfully,,,,
Parlo Bhd,/equities/parlo-bhd,Download Sucessful,1,Append Successfully,,,,
AHB Holdings Bhd,/equities/ahb-holdings-bhd,Download Sucessful,1,Append Successfully,,,,
Bioalpha Holdings Bhd,/equities/bioalpha-holdings-bhd,Download Sucessful,1,Append Successfully,,,,
Digistar Corporation Bhd,/equities/digistar-corporation-bhd,Download Sucessful,1,Append Successfully,,,,
MQ Technology Bhd,/equities/mq-technology-bhd,Download Sucessful,1,Append Successfully,,,,
Duopharma Biotech Bhd,/equities/ccm-duopharma-biotech-bhd,Download Sucessful,1,Append Successfully,,,,
SYF Resources Bhd,/equities/syf-resources-bhd,Download Sucessful,1,Append Successfully,,,,
Jaya Tiasa Holdings Bhd,/equities/jaya-tiasa-holdings-bhd,Download Failed,1,Skipped,,,,
Naim Indah Corporation Bhd,/equities/naim-indah-corporation-bhd,Download Failed,1,Skipped,,,,
OpenSys M Bhd,/equities/opensys-m-bhd,Download Failed,1,Skipped,,,,
Jadi Imaging Holdings Bhd,/equities/jadi-imaging-holdings-bhd,Download Failed,1,Skipped,,,,
Trive Property Group Bhd,/equities/eti-tech-corporation-bhd,Download Failed,1,Skipped,,,,
Hartalega Holdings Bhd,/equities/hartalega-holdings-bhd,Download Failed,1,Skipped,,,,
Ann Joo Resources Bhd,/equities/ann-joo-resources-bhd,Download Failed,1,Skipped,,,,
WZ Satu Bhd,/equities/wz-satu-bhd,Download Failed,1,Skipped,,,,
Protasco Bhd,/equities/protasco-bhd,Download Failed,1,Skipped,,,,
Plastrade Technology Bhd,/equities/plastrade-technology-bhd,Download Failed,1,Skipped,,,,
Poh Kong Holdings Bhd,/equities/poh-kong-holdings-bhd,Download Failed,1,Skipped,,,,
Alam Maritim Resources Bhd,/equities/alam-maritim-resources-bhd,Download Failed,1,Skipped,,,,
Karex,/equities/karex,Download Failed,1,Skipped,,,,
Airasia Bhd,/equities/airasia-bhd,Download Failed,1,Skipped,,,,
IHH Healthcare Bhd,/equities/ihh-healthcare-bhd,Download Failed,1,Skipped,,,,
Oceancash Pacific Bhd,/equities/oceancash-pacific-bhd,Download Failed,1,Skipped,,,,
Green Ocean Corporation Bhd,/equities/green-ocean-corporation-bhd,Download Failed,1,Skipped,,,,
Pelikan International Corp,/equities/pelikan-international-corp,Download Failed,1,Skipped,,,,
Malayan Banking Bhd,/equities/malayan-banking-bhd,Download Failed,1,Skipped,,,,
SP Setia Bhd,/equities/sp-setia-bhd,Download Failed,1,Skipped,,,,
Compugates Holdings Bhd,/equities/compugates-holdings-bhd,Download Failed,1,Skipped,,,,
Asia Poly Holdings Bhd,/equities/asia-poly-holdings-bhd,Download Failed,1,Skipped,,,,
P.A. Resources Bhd,/equities/p.a.-resources-bhd,Download Failed,1,Skipped,,,,
Engtex Group Bhd,/equities/engtex-group-bhd,Download Failed,1,Skipped,,,,
Tiger Synergy Bhd,/equities/tiger-synergy-bhd,Download Failed,1,Skipped,,,,
Bursa Malaysia Bhd,/equities/bursa-malaysia-bhd,Download Failed,1,Skipped,,,,
YTL Corporation Bhd,/equities/ytl-corporation-bhd,Download Failed,1,Skipped,,,,
AirAsia X Bhd,/equities/airasia-x-bhd,Download Failed,1,Skipped,,,,
Salcon Engineering Berhad,/equities/salcon-bhd,Download Failed,1,Skipped,,,,
YLI Holdings Bhd,/equities/yli-holdings-bhd,Download Failed,1,Skipped,,,,
M-Mode Bhd,/equities/m-mode-bhd,Download Failed,1,Skipped,,,,
Mikro MSC Bhd,/equities/mikro-msc-bhd,Download Failed,1,Skipped,,,,
Media Prima Bhd,/equities/media-prima-bhd,Download Failed,1,Skipped,,,,
Karyon Industries Bhd,/equities/karyon-industries-bhd,Download Failed,1,Skipped,,,,
Meridian Bhd,/equities/meda-inc-bhd,Download Failed,1,Skipped,,,,
MMAG Holdings Bhd Pref,/equities/mmag-pref,Download Failed,1,Skipped,,,,
Malaysian Genomics Resource,/equities/malaysian-genomics-resource,Download Failed,1,Skipped,,,,
Axiata Group Bhd,/equities/axiata-group-bhd,Download Failed,1,Skipped,,,,
Malakoff Corporation Bhd,/equities/malakoff-corporation-bhd,Download Failed,1,Skipped,,,,
Maxis Bhd,/equities/maxis-bhd,Download Failed,1,Skipped,,,,
Techfast Holdings Bhd,/equities/techfast-holdings-bhd,Download Failed,1,Skipped,,,,
PESTECH International Bhd,/equities/pestech-international-bhd,Download Failed,1,Skipped,,,,
Nova Wellness Group Bhd,/equities/nova-wellness,Download Failed,1,Skipped,,,,
Malaysian Pacific Industries,/equities/malaysian-pacific-industries,Download Failed,1,Skipped,,,,
Tomypak Holdings Bhd,/equities/tomypak-holdings-bhd,Download Failed,1,Skipped,,,,
Pan Malaysia Corporation Bhd,/equities/pan-malaysia-corporation-bhd,Download Failed,1,Skipped,,,,
Carlsberg Brewery Malaysia Bhd,/equities/carlsberg-brewery-malaysia-bhd,Download Failed,1,Skipped,,,,
Silver Ridge Holdings Bhd,/equities/silver-ridge-holdings-bhd,Download Failed,1,Skipped,,,,
Focus Point Holdings Bhd,/equities/focus-point-holdings-bhd,Download Failed,1,Skipped,,,,
Berjaya Land Bhd,/equities/berjaya-land-bhd,Download Failed,1,Skipped,,,,
Naim Holdings Bhd,/equities/naim-holdings-bhd,Download Failed,1,Skipped,,,,
K Seng Seng Corporation Bhd,/equities/k-seng-seng-corporation-bhd,Download Failed,1,Skipped,,,,
OPCOM Holdings Bhd,/equities/opcom-holdings-bhd,Download Failed,1,Skipped,,,,
Dancomech Holdings Bhd,/equities/dancomech-holdings-bhd,Download Failed,1,Skipped,,,,
EcoFirst Consolidated Bhd,/equities/ecofirst-consolidated-bhd,Download Failed,1,Skipped,,,,
TAFI Industries Bhd,/equities/tafi-industries-bhd,Download Failed,1,Skipped,,,,
Media Chinese International Ltd,/equities/media-chinese-international-ltd,Download Failed,1,Skipped,,,,
HSS Engineers Bhd,/equities/hss-engineers-bhd,Download Failed,1,Skipped,,,,
CJ Century Logistics Holdings Bhd,/equities/century-logistics-holdings-bhd,Download Failed,1,Skipped,,,,
CB Industrial Product Holding,/equities/cb-industrial-product-holding,Download Failed,1,Skipped,,,,
Ta Ann Holdings Bhd,/equities/ta-ann-holdings-bhd,Download Failed,1,Skipped,,,,
Unisem M Bhd,/equities/unisem-m-bhd,Download Failed,1,Skipped,,,,
EA Technique M Bhd,/equities/ea-technique-m-bhd,Download Failed,1,Skipped,,,,
NTPM Holdings Bhd,/equities/ntpm-holdings-bhd,Download Failed,1,Skipped,,,,
Eonmetall Group Bhd,/equities/eonmetall-group-bhd,Download Failed,1,Skipped,,,,
Innoprise Plantations Bhd,/equities/innoprise-plantations-bhd,Download Failed,1,Skipped,,,,
Tiong Nam Logistics Holdings Bhd,/equities/tiong-nam-logistics-holdings-bhd,Download Failed,1,Skipped,,,,
Cabnet Holdings Bhd,/equities/cabnet-holdings-bhd,Download Failed,1,Skipped,,,,
Hock Seng Lee Bhd,/equities/hock-seng-lee-bhd,Download Failed,1,Skipped,,,,
Texchem Resources Bhd,/equities/texchem-resources-bhd,Download Failed,1,Skipped,,,,
Mentiga Corporation Bhd,/equities/mentiga-corporation-bhd,Download Failed,1,Skipped,,,,
Gromutual Bhd,/equities/gromutual-bhd,Download Failed,1,Skipped,,,,
Golden Land Bhd,/equities/golden-land-bhd,Download Failed,1,Skipped,,,,
Kotra Industries Bhd,/equities/kotra-industries-bhd,Download Failed,1,Skipped,,,,
Edaran Bhd,/equities/edaran-bhd,Download Failed,1,Skipped,,,,
Hua Yang Bhd,/equities/hua-yang-bhd,Download Failed,1,Skipped,,,,
Amalgamated Industrial Steel,/equities/amalgamated-industrial-steel,Download Failed,1,Skipped,,,,
Golden Pharos Bhd,/equities/golden-pharos-bhd,Download Failed,1,Skipped,,,,
Astino Bhd,/equities/astino-bhd,Download Failed,1,Skipped,,,,
Coastal Contracts Bhd,/equities/coastal-contracts-bhd,Download Failed,1,Skipped,,,,
OSK Ventures International Bhd,/equities/osk-ventures-international-bhd,Download Failed,1,Skipped,,,,
PBA Holdings Bhd,/equities/pba-holdings-bhd,Download Failed,1,Skipped,,,,
Wang-Zheng Bhd,/equities/wang-zheng-bhd,Download Failed,1,Skipped,,,,
Marine & General Bhd,/equities/silk-holdings-bhd,Download Failed,1,Skipped,,,,
Keck Seng Malaysia Bhd,/equities/keck-seng-malaysia-bhd,Download Failed,1,Skipped,,,,
Rapid Synergy Bhd,/equities/rapid-synergy-bhd,Download Failed,1,Skipped,,,,
Theta Edge Bhd,/equities/theta-edge-bhd,Download Failed,1,Skipped,,,,
Grand Hoover Bhd,/equities/grand-hoover-bhd,Download Failed,1,Skipped,,,,
Ge Shen Corporation Bhd,/equities/ge-shen-corporation-bhd,Download Failed,1,Skipped,,,,
United Malacca Bhd,/equities/united-malacca-bhd,Download Failed,1,Skipped,,,,
MHC Plantations Bhd,/equities/mhc-plantations-bhd,Download Failed,1,Skipped,,,,
Pacific Orient Bhd,/equities/pacific-orient-bhd,Download Failed,1,Skipped,,,,
CN Asia Corporation Bhd,/equities/cn-asia-corporation-bhd,Download Failed,1,Skipped,,,,
Cycle Carriage Bintang Bhd,/equities/cycle-carriage-bintang-bhd,Download Failed,1,Skipped,,,,
GUH Holdings Bhd,/equities/guh-holdings-bhd,Download Failed,1,Skipped,,,,
Lee Swee Kiat Group Bhd,/equities/lee-swee-kiat-group-bhd,Download Failed,1,Skipped,,,,
Asia Brands Bhd,/equities/asia-brands-bhd,Download Failed,1,Skipped,,,,
Choo Bee Metal Industries Bhd,/equities/choo-bee-metal-industries-bhd,Download Failed,1,Skipped,,,,
ECM Libra Financial Group Bhd,/equities/ecm-libra-financial-group-bhd,Download Failed,1,Skipped,,,,
Gopeng Bhd,/equities/gopeng-bhd,Download Failed,1,Skipped,,,,
Knusford Bhd,/equities/knusford-bhd,Download Failed,1,Skipped,,,,
Mintye Industries Bhd,/equities/mintye-industries-bhd,Download Failed,1,Skipped,,,,
PLB Engineering Bhd,/equities/plb-engineering-bhd,Download Failed,1,Skipped,,,,
YTL Land Develop Bhd,/equities/ytl-land-develop-bhd,Download Failed,1,Skipped,,,,
Tien Wah Press Holdings Bhd,/equities/tien-wah-press-holdings,Download Failed,1,Skipped,,,,
Turbo Mech Bhd,/equities/turbo-mech-bhd,Download Failed,1,Skipped,,,,
Advance Information Marketing Bhd,/equities/advance-information-marketing-bhd,Download Failed,1,Skipped,,,,
Yong Tai Bhd Pref,/equities/yong-tai-bhd-pref,Download Failed,1,Skipped,,,,
Smile-Link Healthcare Global Bhd,/equities/smile-link-healthcare,Download Failed,1,Skipped,,,,
Hiap Teck Venture Bhd,/equities/hiap-teck-venture-bhd,Download Sucessful,1,Append Successfully,,,,
XOX Bhd,/equities/xox-bhd,Download Sucessful,1,Append Successfully,,,,
Careplus Group Bhd,/equities/careplus-group-bhd,Download Sucessful,1,Append Successfully,,,,
IRIS Corporation Bhd,/equities/iris-corporation-bhd,Download Sucessful,1,Append Successfully,,,,
Bumi Armada Bhd,/equities/bumi-armada-bhd,Download Sucessful,1,Append Successfully,,,,
Sanichi Technology Bhd,/equities/sanichi-technology-bhd,Download Sucessful,1,Append Successfully,,,,
Scope Industries Bhd,/equities/scope-industries-bhd,Download Sucessful,1,Append Successfully,,,,
BCM Alliance Bhd,/equities/bcm-alliance-bhd,Download Sucessful,1,Append Successfully,,,,
Sime Darby Property Bhd,/equities/sime-darby-property,Download Sucessful,1,Append Successfully,,,,
GFM Services Bhd,/equities/gfm-services,Download Sucessful,1,Append Successfully,,,,
Kumpulan Perangsang Selangor,/equities/kumpulan-perangsang-selangor,Download Failed,1,Skipped,,,,
SKP Resources Bhd,/equities/skp-resources-bhd,Download Failed,1,Skipped,,,,
Inta Bina Group Bhd,/equities/inta-bina-group-bhd,Download Failed,1,Skipped,,,,
Lambo Group Bhd,/equities/accsoft-technology-bhd,Download Failed,1,Skipped,,,,
UCrest Bhd,/equities/palette-multimedia-bhd,Download Failed,1,Skipped,,,,
G Capital Bhd,/equities/gunung-capital-bhd,Download Failed,1,Skipped,,,,
Systech Bhd,/equities/systech-bhd,Download Failed,1,Skipped,,,,
Lion Industries Corporation Bhd,/equities/lion-industries-corp,Download Failed,1,Skipped,,,,
Telekom Malaysia Bhd,/equities/telekom-malaysia-bhd,Download Failed,1,Skipped,,,,
Omesti Bhd,/equities/omesti-bhd,Download Failed,1,Skipped,,,,
Sime Darby Bhd,/equities/sime-darby-bhd,Download Failed,1,Skipped,,,,
Focus Dynamics Group Bhd,/equities/focus-dynamics-group-bhd,Download Failed,1,Skipped,,,,
Malaysia Building Society Bhd,/equities/malaysia-building-society-bhd,Download Failed,1,Skipped,,,,
TH Plantations Bhd,/equities/th-plantations-bhd,Download Failed,1,Skipped,,,,
AEON Co (Malaysia) Bhd,/equities/aeon-co-(m)-bhd,Download Failed,1,Skipped,,,,
Goodway Integrated Industries,/equities/goodway-integrated-industries,Download Failed,1,Skipped,,,,
Genting Malaysia Bhd,/equities/genting-malaysia-bhd,Download Failed,1,Skipped,,,,
EKA Noodles Bhd,/equities/eka-noodles-bhd,Download Failed,1,Skipped,,,,
Insas Bhd,/equities/insas-bhd,Download Failed,1,Skipped,,,,
Grand-Flo Bhd,/equities/grand-flo-bhd,Download Failed,1,Skipped,,,,
Astral Asia Bhd,/equities/astral-asia-bhd,Download Failed,1,Skipped,,,,
YTL Power International Bhd,/equities/ytl-power-international-bhd,Download Failed,1,Skipped,,,,
Sunway Bhd,/equities/sunway-bhd,Download Failed,1,Skipped,,,,
OCK Group Bhd,/equities/ock-group-bhd,Download Failed,1,Skipped,,,,
Kerjaya Prospek Group Bhd,/equities/fututech-bhd,Download Failed,1,Skipped,,,,
Efficient E Solutions Bhd,/equities/efficient-e-solutions-bhd,Download Failed,1,Skipped,,,,
Iqzan Holding Bhd,/equities/ire-tex-corporation-bhd,Download Failed,1,Skipped,,,,
Uwc Bhd,/equities/uwc-bhd,Download Failed,1,Skipped,,,,
Matang Bhd,/equities/matang-bhd,Download Failed,1,Skipped,,,,
Gadang Holdings Bhd,/equities/gadang-holdings-bhd,Download Failed,1,Skipped,,,,
TA Global Bhd,/equities/ta-global-bhd,Download Failed,1,Skipped,,,,
Talam Transform Bhd,/equities/talam-transform-bhd,Download Failed,1,Skipped,,,,
Securemetric Berhad,/equities/securemetric-berhad,Download Failed,1,Skipped,,,,
Eco World Develop Group,/equities/eco-world-develop-group,Download Failed,1,Skipped,,,,
Globaltec Formation Bhd,/equities/globaltec-formation-bhd,Download Failed,1,Skipped,,,,
Impiana Hotels Bhd,/equities/bio-osmo-bhd,Download Failed,1,Skipped,,,,
myNEWS Holdings Bhd,/equities/bison-consolidated-bhd,Download Failed,1,Skipped,,,,
K N Kenanga Holdings Bhd,/equities/k-n-kenanga-holdings-bhd,Download Failed,1,Skipped,,,,
TIME Dotcom Bhd,/equities/time-dotcom-bhd,Download Failed,1,Skipped,,,,
Asia Media Group Bhd,/equities/asia-media-group-bhd,Download Failed,1,Skipped,,,,
BTM Resources Bhd,/equities/btm-resources-bhd,Download Failed,1,Skipped,,,,
Tekala Corporation Bhd,/equities/tekala-corporation-bhd,Download Failed,1,Skipped,,,,
Petronas Gas Bhd,/equities/petronas-gas-bhd,Download Failed,1,Skipped,,,,
Kumpulan Jetson Bhd,/equities/kumpulan-jetson-bhd,Download Failed,1,Skipped,,,,
Samchem Holdings Bhd,/equities/samchem-holdings-bhd,Download Failed,1,Skipped,,,,
Binasat Communications Bhd,/equities/binasat-communications,Download Failed,1,Skipped,,,,
MTD ACPI Engineering Bhd,/equities/mtd-acpi-engineering-bhd,Download Failed,1,Skipped,,,,
Ranhill Holdings Ltd,/equities/symphony-house-bhd,Download Failed,1,Skipped,,,,
Apex Healthcare Bhd,/equities/apex-healthcare-bhd,Download Failed,1,Skipped,,,,
Thriven Global Bhd,/equities/mulpha-land-bhd,Download Failed,1,Skipped,,,,
Padini Holdings Bhd,/equities/padini-holdings-bhd,Download Failed,1,Skipped,,,,
Wellcall Holdings Bhd,/equities/wellcall-holdings-bhd,Download Failed,1,Skipped,,,,
Tambun Indah Land Bhd,/equities/tambun-indah-land-bhd,Download Failed,1,Skipped,,,,
Carimin Petroleum Bhd,/equities/carimin-petroleum-bhd,Download Failed,1,Skipped,,,,
Aeon Credit Service Bhd,/equities/aeon-credit-service-(m)-bhd,Download Failed,1,Skipped,,,,
Fajarbaru Builder Group Bhd,/equities/fajarbaru-builder-group-bhd,Download Failed,1,Skipped,,,,
Muda Holdings Bhd,/equities/muda-holdings-bhd,Download Failed,1,Skipped,,,,
GuocoLand (Malaysia) Bhd,/equities/guocoland-(malaysia)-bhd,Download Failed,1,Skipped,,,,
YGL Convergence Bhd,/equities/ygl-convergence-bhd,Download Failed,1,Skipped,,,,
Federal International Holdings Bhd,/equities/federal-furniture-holdings-m,Download Failed,1,Skipped,,,,
Success Transformer Corporation Bhd,/equities/success-transformer-corp,Download Failed,1,Skipped,,,,
Nylex (Malaysia) Bhd,/equities/nylex-malaysia-bhd,Download Failed,1,Skipped,,,,
MKH Bhd,/equities/mkh-bhd,Download Failed,1,Skipped,,,,
Teo Seng Capital Bhd,/equities/teo-seng-capital-bhd,Download Failed,1,Skipped,,,,
Comintel Corporation Bhd,/equities/comintel-corporation-bhd,Download Failed,1,Skipped,,,,
MGB Bhd,/equities/ml-global-bhd,Download Failed,1,Skipped,,,,
Johore Tin Bhd,/equities/johore-tin-bhd,Download Failed,1,Skipped,,,,
Suria Capital Holdings Bhd,/equities/suria-capital-holdings-bhd,Download Failed,1,Skipped,,,,
Star Media Group Bhd,/equities/star-media-group-bhd,Download Failed,1,Skipped,,,,
Lingkaran Trans Kota Holdings Bhd,/equities/lingkaran-trans-kota-holdings-bhd,Download Failed,1,Skipped,,,,
Only World Group Holdings Bhd,/equities/only-world-group-holdings-bhd,Download Failed,1,Skipped,,,,
AFFIN Holdings Bhd,/equities/affin-holdings-bhd,Download Failed,1,Skipped,,,,
Petra Energy Bhd,/equities/petra-energy-bhd,Download Failed,1,Skipped,,,,
Jaycorp Bhd,/equities/jaycorp-bhd,Download Failed,1,Skipped,,,,
Kumpulan Fima Bhd,/equities/kumpulan-fima-bhd,Download Failed,1,Skipped,,,,
Boustead Heavy Industries,/equities/boustead-heavy-industries,Download Failed,1,Skipped,,,,
Magna Prima Bhd,/equities/magna-prima-bhd,Download Failed,1,Skipped,,,,
Hwa Tai Industries Bhd,/equities/hwa-tai-industries-bhd,Download Failed,1,Skipped,,,,
Daibochi Bhd,/equities/daibochi-plastic-packaging,Download Failed,1,Skipped,,,,
Spritzer Bhd,/equities/spritzer-bhd,Download Failed,1,Skipped,,,,
Deleum Bhd,/equities/deleum-bhd,Download Failed,1,Skipped,,,,
Panasonic Manufacture Malaysia,/equities/panasonic-manufacture-malaysia,Download Failed,1,Skipped,,,,
SCC Holdings Bhd,/equities/scc-holdings-bhd,Download Failed,1,Skipped,,,,
CRG Inc,/equities/crg,Download Failed,1,Skipped,,,,
Ajinomoto Malaysia Bhd,/equities/ajinomoto-(malaysia)-bhd,Download Failed,1,Skipped,,,,
Apex Equity Holdings Bhd,/equities/apex-equity-holdings-bhd,Download Failed,1,Skipped,,,,
Chin Teck Plantations Bhd,/equities/chin-teck-plantations-bhd,Download Failed,1,Skipped,,,,
Dfcity Group Bhd,/equities/hock-heng-stone-industries-bhd,Download Failed,1,Skipped,,,,
Shangri La Hotels Malaysia Bhd,/equities/shangri-la-hotels-malaysia-bhd,Download Failed,1,Skipped,,,,
Aluminium Company of Malaysia Bhd,/equities/aluminium-company-of-malaysia,Download Failed,1,Skipped,,,,
Sungei Bagan Rubber Malaya,/equities/sungei-bagan-rubber-malaya,Download Failed,1,Skipped,,,,
Asia File Corporation Bhd,/equities/asia-file-corporation-bhd,Download Failed,1,Skipped,,,,
Perusahaan Sadur Timah Malaysia Perstima Bhd,/equities/perusahaan-sadur-timah,Download Failed,1,Skipped,,,,
JCBNext Berhad Bhd,/equities/jobstreet-corporation-bhd,Download Failed,1,Skipped,,,,
Oriental Interest Bhd,/equities/oriental-interest-bhd,Download Failed,1,Skipped,,,,
Amway (Malaysia) Holdings Bhd,/equities/amway-(malaysia)-holdings-bhd,Download Failed,1,Skipped,,,,
Atlan Holdings Bhd,/equities/atlan-holdings-bhd,Download Failed,1,Skipped,,,,
China Stationery Ltd,/equities/china-stationery-ltd,Download Failed,1,Skipped,,,,
MB World Group Bhd,/equities/emas-kiara-industries-bhd,Download Failed,1,Skipped,,,,
Handal Resources Bhd,/equities/handal-resources-bhd,Download Failed,1,Skipped,,,,
KPS Consortium Bhd,/equities/kps-consortium-bhd,Download Failed,1,Skipped,,,,
Manulife Holdings Bhd,/equities/manulife-holdings-bhd,Download Failed,1,Skipped,,,,
PW Consolidated Bhd,/equities/pw-consolidated-bhd,Download Failed,1,Skipped,,,,
Cymao Holdings Bhd,/equities/cymao-holdings-bhd,Download Failed,1,Skipped,,,,
White Horse Bhd,/equities/white-horse-bhd,Download Failed,1,Skipped,,,,
UMS Holdings Bhd,/equities/ums-holdings-bhd,Download Failed,1,Skipped,,,,
China Automobile Parts Holdings Ltd,/equities/china-automobile-parts-holdings-ltd,Download Failed,1,Skipped,,,,
Federal International Holdings Bhd,/equities/federal-furniture-holdings-m-bhd,Download Failed,1,Skipped,,,,
Astramina Group Berhad,/equities/astramina-group-berhad,Download Failed,1,Skipped,,,,
Kanger International Bhd,/equities/kanger-international-bhd,Download Sucessful,1,Append Successfully,,,,
Niche Capital Emas Holdings,/equities/niche-capital-emas-holdings,Download Sucessful,1,Append Successfully,,,,
Solution Engineering Holdings Bhd,/equities/solution-engineering-holdings-bhd,Download Sucessful,1,Append Successfully,,,,
Sunzen Biotech Bhd,/equities/sunzen-biotech-bhd,Download Sucessful,1,Append Successfully,,,,
AT Systematization Bhd,/equities/at-systematization-bhd,Download Sucessful,1,Append Successfully,,,,
AE Multi Holdings Bhd,/equities/ae-multi-holdings-bhd,Download Sucessful,1,Append Successfully,,,,
Ta Win Holdings Bhd,/equities/ta-win-holdings-bhd,Download Sucessful,1,Append Successfully,,,,
Vivocom Intl Holdings Bhd,/equities/vivocom-intl-holdings-bhd,Download Sucessful,1,Append Successfully,,,,
Destini Bhd,/equities/destini-bhd,Download Sucessful,1,Append Successfully,,,,
M N C Wireless Bhd,/equities/m-n-c-wireless-bhd,Download Failed,1,Skipped,,,,
Priceworth International Bhd,/equities/priceworth-international,Download Failed,1,Skipped,,,,
K-One Technology Bhd,/equities/k-one-technology-bhd,Download Failed,1,Skipped,,,,
Ancom Logistics Bhd,/equities/ancom-logistics-bhd,Download Failed,1,Skipped,,,,
Sentoria Group Bhd,/equities/sentoria-group-bhd,Download Failed,1,Skipped,,,,
Berjaya Corporation Bhd,/equities/berjaya-corporation-bhd,Download Failed,1,Skipped,,,,
Barakah Offshore Petroleum Bhd,/equities/barakah-offshore-petroleum-bhd,Download Failed,1,Skipped,,,,
SCH Group Bhd,/equities/sch-group-bhd,Download Failed,1,Skipped,,,,
HB Global Ltd,/equities/hb-global-ltd,Download Failed,1,Skipped,,,,
Nexgram Holdings Bhd,/equities/nexgram-holdings-bhd,Download Failed,1,Skipped,,,,
Rimbunan Sawit Bhd,/equities/rimbunan-sawit-bhd,Download Failed,1,Skipped,,,,
Aco Group Bhd,/equities/aco-group-bhd,Download Failed,1,Skipped,,,,
G Neptune Bhd,/equities/g-neptune-bhd,Download Failed,1,Skipped,,,,
Sasbadi Holdings Bhd,/equities/sasbadi-holdings-bhd,Download Failed,1,Skipped,,,,
Malaysian Resources Corporation,/equities/malaysian-resources-corporation,Download Failed,1,Skipped,,,,
Datasonic Group Bhd,/equities/datasonic-group-bhd,Download Failed,1,Skipped,,,,
Benalec Holdings Bhd,/equities/benalec-holdings-bhd,Download Failed,1,Skipped,,,,
Sern Kou Resources Bhd,/equities/sern-kou-resources-bhd,Download Failed,1,Skipped,,,,
Fitters Diversified Bhd,/equities/fitters-diversified-bhd,Download Failed,1,Skipped,,,,
Yong Tai Bhd,/equities/yong-tai-bhd,Download Failed,1,Skipped,,,,
Econpile Holdings Bhd,/equities/econpile-holdings-bhd,Download Failed,1,Skipped,,,,
Press Metal Bhd,/equities/press-metal-bhd,Download Failed,1,Skipped,,,,
Hextar Global Bhd,/equities/halex-holdings-bhd,Download Failed,1,Skipped,,,,
KUB Malaysia Bhd,/equities/kub-malaysia-bhd,Download Failed,1,Skipped,,,,
Malaysia Airport Holdings Bhd,/equities/malaysia-airport-holdings-bhd,Download Failed,1,Skipped,,,,
RGB International Bhd,/equities/rgb-international-bhd,Download Failed,1,Skipped,,,,
Mega Sun City Holdings Bhd,/equities/mega-sun-city-holdings-bhd,Download Failed,1,Skipped,,,,
Rubberex Corporation M Bhd,/equities/rubberex-corporation-m,Download Failed,1,Skipped,,,,
Ahmad Zaki Resources Bhd,/equities/ahmad-zaki-resources-bhd,Download Failed,1,Skipped,,,,
Dolomite Corporation Bhd,/equities/dolomite-corporation-bhd,Download Failed,1,Skipped,,,,
Tomei Consolidated Bhd,/equities/tomei-consolidated-bhd,Download Failed,1,Skipped,,,,
PCCS Group Bhd,/equities/pccs-group-bhd,Download Failed,1,Skipped,,,,
Lyc Healthcare Bhd,/equities/mexter-technology-bhd,Download Failed,1,Skipped,,,,
Berjaya Sports Toto Bhd,/equities/berjaya-sports-toto-bhd,Download Failed,1,Skipped,,,,
Globetronics Tech Bhd,/equities/globetronics-tech-bhd,Download Failed,1,Skipped,,,,
Brahims Holdings Bhd,/equities/brahims-holdings-bhd,Download Failed,1,Skipped,,,,
IGB Real Estate Investment Trust,/equities/igb-real-estate-investment-trust,Download Failed,1,Skipped,,,,
JF Technology BHD,/equities/jf-tech,Download Failed,1,Skipped,,,,
Mega First Corporation Bhd,/equities/mega-first-corporation-bhd,Download Failed,1,Skipped,,,,
Johan Holdings Bhd,/equities/johan-holdings-bhd,Download Failed,1,Skipped,,,,
Hume Industries Bhd,/equities/hume-industries-bhd,Download Failed,1,Skipped,,,,
Scomi Energy Services Bhd,/equities/scomi-energy-services-bhd,Download Failed,1,Skipped,,,,
Homeritz Corporation Bhd,/equities/homeritz-corporation-bhd,Download Failed,1,Skipped,,,,
Pecca Group Bhd,/equities/pecca-group-bhd,Download Failed,1,Skipped,,,,
Axis Real Estate Investment Trust,/equities/axis-real-estate-investment-trust,Download Failed,1,Skipped,,,,
Bermaz Auto Bhd,/equities/berjaya-auto-bhd,Download Failed,1,Skipped,,,,
Caely Holdings Bhd,/equities/caely-holdings-bhd,Download Failed,1,Skipped,,,,
Sunway Berhad,/equities/sunway-berhad,Download Failed,1,Skipped,,,,
Mudajaya Group Bhd,/equities/mudajaya-group-bhd,Download Failed,1,Skipped,,,,
Kim Teck Cheong Consolidated Bhd,/equities/kim-teck-cheong-consolidated-bhd,Download Failed,1,Skipped,,,,
Ancom Bhd,/equities/ancom-bhd,Download Failed,1,Skipped,,,,
Land General Bhd,/equities/land-general-bhd,Download Failed,1,Skipped,,,,
Power Root Bhd,/equities/power-root-bhd,Download Failed,1,Skipped,,,,
Rev Asia Bhd,/equities/rev-asia-bhd,Download Failed,1,Skipped,,,,
Kejuruteraan Asastera Bhd,/equities/kejuruteraan-asastera,Download Failed,1,Skipped,,,,
IOI Properties Group Bhd,/equities/ioi-properties-group-bhd,Download Failed,1,Skipped,,,,
Signature International Bhd,/equities/signature-international-bhd,Download Failed,1,Skipped,,,,
Scientex Bhd,/equities/scientex-bhd,Download Failed,1,Skipped,,,,
Favelle Favco Bhd,/equities/favelle-favco-bhd,Download Failed,1,Skipped,,,,
BP Plastics Holding Bhd,/equities/bp-plastics-holding-bhd,Download Failed,1,Skipped,,,,
Boilermech Holdings Bhd,/equities/boilermech-holdings-bhd,Download Failed,1,Skipped,,,,
Berjaya Food Bhd,/equities/berjaya-food-bhd,Download Failed,1,Skipped,,,,
Ewein Bhd,/equities/ewein-bhd,Download Failed,1,Skipped,,,,
Uchi Technologies Bhd,/equities/uchi-technologies-bhd,Download Failed,1,Skipped,,,,
LBI Capital Bhd,/equities/lbi-capital-bhd,Download Failed,1,Skipped,,,,
Acme Holdings Bhd,/equities/acme-holdings-bhd,Download Failed,1,Skipped,,,,
KKB Engineering Berhad,/equities/kkb-engineering-berhad,Download Failed,1,Skipped,,,,
Kim Hin Joo,/equities/kim-hin-joo,Download Failed,1,Skipped,,,,
HPMT Holdings Bhd,/equities/hpmt-holdings-bhd,Download Failed,1,Skipped,,,,
Faber Group Bhd,/equities/faber-group-bhd,Download Failed,1,Skipped,,,,
Harbour Link Group Bhd,/equities/harbour-link-group-bhd,Download Failed,1,Skipped,,,,
Oriental Holdings Bhd,/equities/oriental-holdings-bhd,Download Failed,1,Skipped,,,,
Oka Corporation Bhd,/equities/oka-corporation-bhd,Download Failed,1,Skipped,,,,
Complete Logistic Services Bhd,/equities/complete-logistic-services-bhd,Download Failed,1,Skipped,,,,
Amcorp Properties Bhd,/equities/amcorp-properties-bhd,Download Failed,1,Skipped,,,,
UMS-Neiken Group Bhd,/equities/ums-neiken-group-bhd,Download Failed,1,Skipped,,,,
BIG Industries Bhd,/equities/big-industries-bhd,Download Failed,1,Skipped,,,,
Cheetah Holdings Bhd,/equities/cheetah-holdings-bhd,Download Failed,1,Skipped,,,,
Rex Industry Bhd,/equities/rex-industry-bhd,Download Failed,1,Skipped,,,,
Cocoaland Holdings Bhd,/equities/cocoaland-holdings-bhd,Download Failed,1,Skipped,,,,
Hong Leong Industries Bhd,/equities/hong-leong-industries-bhd,Download Failed,1,Skipped,,,,
Focus Lumber Bhd,/equities/focus-lumber-bhd,Download Failed,1,Skipped,,,,
BIMB Holdings Bhd,/equities/bimb-holdings-bhd,Download Failed,1,Skipped,,,,
OCB Bhd,/equities/ocb-bhd,Download Failed,1,Skipped,,,,
APM Automotive Holdings Bhd,/equities/apm-automotive-holdings-bhd,Download Failed,1,Skipped,,,,
Milux Corporation Bhd,/equities/milux-corporation-bhd,Download Failed,1,Skipped,,,,
Mercury Industries Bhd,/equities/mercury-industries-bhd,Download Failed,1,Skipped,,,,
Hil Industries Bhd,/equities/hil-industries-bhd,Download Failed,1,Skipped,,,,
Poly Glass Fibre (M) Bhd,/equities/poly-glass-fibre-m-bhd,Download Failed,1,Skipped,,,,
Bertam Alliance Bhd,/equities/bertam-alliance-bhd,Download Failed,1,Skipped,,,,
Kim Hin Industry Bhd,/equities/kim-hin-industry-bhd,Download Failed,1,Skipped,,,,
Kobay Tech Bhd,/equities/kobay-tech-bhd,Download Failed,1,Skipped,,,,
Bonia Corporation Bhd,/equities/bonia-corporation-bhd,Download Failed,1,Skipped,,,,
Seni Jaya Corporation Bhd,/equities/seni-jaya-corporation-bhd,Download Failed,1,Skipped,,,,
Rhone Ma Holdings Bhd,/equities/rhone-ma-holdings-bhd,Download Failed,1,Skipped,,,,
Southern Acids (M) Bhd,/equities/southern-acids-m-bhd,Download Failed,1,Skipped,,,,
Amverton Bhd,/equities/a-m-realty-bhd,Download Failed,1,Skipped,,,,
Caring Pharmacy Group Bhd,/equities/caring-pharmacy-group-bhd,Download Failed,1,Skipped,,,,
CYL Corporation Bhd,/equities/cyl-corporation-bhd,Download Failed,1,Skipped,,,,
Fiamma Holdings Bhd,/equities/fiamma-holdings-bhd,Download Failed,1,Skipped,,,,
JMR Conglomeration Bhd,/equities/jmr-conglomeration-bhd,Download Failed,1,Skipped,,,,
Maxwell International Holdings,/equities/maxwell-international-holdings,Download Failed,1,Skipped,,,,
Pasdec Holdings Bhd,/equities/pasdec-holdings-bhd,Download Failed,1,Skipped,,,,
Xingquan International Sports,/equities/xingquan-international-sports,Download Failed,1,Skipped,,,,
Atta Global Group Bhd,/equities/smpc-corporation-bhd,Download Failed,1,Skipped,,,,
SKB Shutters Corporation Bhd,/equities/skb-shutters-corporation-bhd,Download Failed,1,Skipped,,,,
Metrod Holdings Bhd,/equities/metrod-holdings-bhd,Download Failed,1,Skipped,,,,
Ann Joo Resources Bhd Pref,/equities/ann-joo-resources-bhd-pref,Download Failed,1,Skipped,,,,
Uni Wall Aps Holdings,/equities/uni-wall-aps-holdings,Download Failed,1,Skipped,,,,
